assignmentid,rating_mean,color_mean,control_score,control_score-filtered,hitid,requesterannotation,control_score_mturk,workerid,decision1,decision2,executed1,executed2,explanation,mistakes,n_mistakes
337RC3OW052QQQZ2DP0R1HF8E2ELVU,0.6296296296296297,1.5185185185185186,0.46153846153846156,0.6666666666666666,3087LXLJ6MGLBDQXYF43XROAMYCF0M,../1_pre-pilot/verification_pilot_amt.csv_6,0.5,worker6,approve,block,False,False,"failed assignment, but apply lenience, blocked because low average quality","['http://object-naming-amore.upf.edu//2417937_3116969_singleton_obj.png - combed: visual', 'http://object-naming-amore.upf.edu//2397580_1188546_singleton_obj.png - blinds: visual', 'http://object-naming-amore.upf.edu//2385096_689912_supercat_unique.png - persoin: visual', 'http://object-naming-amore.upf.edu//2330997_3035829_supercat_ambiguous.png - sauce: visual', 'http://object-naming-amore.upf.edu//2380119_1350337_singleton_obj.png - pizzza slice: 0', ""http://object-naming-amore.upf.edu//2417937_3116969_singleton_obj.png - combed: ['combed', 'bent']"", ""http://object-naming-amore.upf.edu//2385096_689912_supercat_unique.png - persoin: ['clothing', 'persoin', 'dress', 'frock', 'toy']""]",7
3HWRJOOET52WSS86288IDZ5H60QES0,0.9259259259259259,0.4074074074074074,0.7142857142857143,0.8,3087LXLJ6MGLBDQXYF43XROAMYCF0M,../1_pre-pilot/verification_pilot_amt.csv_6,0.75,worker11,approve,block,False,False,"good enough assignment, blocked because low average quality","['http://object-naming-amore.upf.edu//2385096_689912_supercat_unique.png - persoin: linguistic', 'http://object-naming-amore.upf.edu//2330997_3035829_supercat_ambiguous.png - sauce: 0', 'http://object-naming-amore.upf.edu//2380119_1350337_singleton_obj.png - pizza: bounding box', 'http://object-naming-amore.upf.edu//2330997_3035829_supercat_ambiguous.png - pizza ~ pizza_food']",4
3Q5C1WP23M1W2PGJEO0VD4CV36N159,0.4074074074074074,0.9629629629629629,0.5384615384615384,0.7777777777777778,3087LXLJ6MGLBDQXYF43XROAMYCF0M,../1_pre-pilot/verification_pilot_amt.csv_6,0.5625,worker13,approve,block,False,False,"good enough assignment, blocked because low average quality","['http://object-naming-amore.upf.edu//2417937_3116969_singleton_obj.png - combed: visual', 'http://object-naming-amore.upf.edu//2397580_1188546_singleton_obj.png - blinds: visual', 'http://object-naming-amore.upf.edu//2385096_689912_supercat_unique.png - persoin: linguistic', 'http://object-naming-amore.upf.edu//2330997_3035829_supercat_ambiguous.png - sauce: 0', ""http://object-naming-amore.upf.edu//2417937_3116969_singleton_obj.png - combed: ['combed', 'bent']"", ""http://object-naming-amore.upf.edu//2380119_1350337_singleton_obj.png - pizzza slice: ['pizzza slice']""]",6
3U088ZLJVKTQ8JALE6J4PZ6YICTW0S,0.8888888888888888,1.8888888888888888,0.6153846153846154,0.8888888888888888,3087LXLJ6MGLBDQXYF43XROAMYCF0M,../1_pre-pilot/verification_pilot_amt.csv_6,0.5,worker2,approve,,False,False,good enough assignment,"['http://object-naming-amore.upf.edu//2417937_3116969_singleton_obj.png - combed: visual', 'http://object-naming-amore.upf.edu//2397580_1188546_singleton_obj.png - blinds: visual', 'http://object-naming-amore.upf.edu//2385096_689912_supercat_unique.png - persoin: linguistic', 'http://object-naming-amore.upf.edu//2330997_3035829_supercat_ambiguous.png - sauce: visual', ""http://object-naming-amore.upf.edu//2380119_1350337_singleton_obj.png - pizzza slice: ['pizzza slice']""]",5
3ATTHHXXWAOG4EWRS14WXMK1D61XIY,0.6923076923076923,1.8846153846153846,0.9375,1.0,38EHZ67RIMSOSRTZY4XJD9VZQGDMG3,../1_pre-pilot/verification_pilot_amt.csv_3,0.875,worker9,approve,bonus,False,False,"good enough assignment, bonus because very good assignment",['http://object-naming-amore.upf.edu//2334627_964696_seed_ambiguous.png - bookcase: visual'],1
3ND9UOO81K235FZ73Z5NNJYMLAJWLG,1.0769230769230769,1.2307692307692308,0.8181818181818182,0.8571428571428571,38EHZ67RIMSOSRTZY4XJD9VZQGDMG3,../1_pre-pilot/verification_pilot_amt.csv_3,0.75,worker11,approve,block,False,False,"good enough assignment, blocked because low average quality","['http://object-naming-amore.upf.edu//2363728_2149199_supercat_unique.png - troops: visual', 'http://object-naming-amore.upf.edu//2334627_964696_seed_ambiguous.png - bookcase: 0', 'http://object-naming-amore.upf.edu//713704_3796731_singleton_obj.png - fingers: visual', 'http://object-naming-amore.upf.edu//2334627_964696_seed_ambiguous.png - stand ~ stand_cabinet,bookcase']",4
3S0TNUHWKTI9H2FXSFRTQQNVUU4D8S,0.23076923076923078,0.8076923076923077,0.9285714285714286,1.0,38EHZ67RIMSOSRTZY4XJD9VZQGDMG3,../1_pre-pilot/verification_pilot_amt.csv_3,0.875,worker26,approve,bonus,False,False,"good enough assignment, bonus because very good assignment",['http://object-naming-amore.upf.edu//2334627_964696_seed_ambiguous.png - bookcase: 0'],1
3UOUJI6MTDELD5RRMITAGP8C723UXK,0.23076923076923078,1.1923076923076923,0.9285714285714286,1.0,38EHZ67RIMSOSRTZY4XJD9VZQGDMG3,../1_pre-pilot/verification_pilot_amt.csv_3,0.875,worker12,approve,bonus,False,False,"good enough assignment, bonus because very good assignment",['http://object-naming-amore.upf.edu//2334627_964696_seed_ambiguous.png - bookcase: 0'],1
30ZX6P7VF8VBY9D0MU43JX55DF62JR,0.48148148148148145,0.8888888888888888,0.9375,1.0,3BFF0DJK8XCVVRSA21SCO19U8Z3TSV,../1_pre-pilot/verification_pilot_amt.csv_8,0.9523809523809523,worker27,approve,bonus,False,False,"good enough assignment, bonus because very good assignment",['http://object-naming-amore.upf.edu//2406793_290252_seed_ambiguous.png - filming: bounding box'],1
3DI28L7YXAEWY89CPPTYHYI8G0XE10,0.3333333333333333,-0.037037037037037035,0.9375,0.9333333333333333,3BFF0DJK8XCVVRSA21SCO19U8Z3TSV,../1_pre-pilot/verification_pilot_amt.csv_8,0.9523809523809523,worker26,approve,,False,False,good enough assignment,['http://object-naming-amore.upf.edu//2320110_2918513_seed_ambiguous.png - engine: 0'],1
3HYA4D452RJVT7R434DI4ZDDK7DF2N,0.6666666666666666,0.37037037037037035,0.8823529411764706,0.9375,3BFF0DJK8XCVVRSA21SCO19U8Z3TSV,../1_pre-pilot/verification_pilot_amt.csv_8,0.9047619047619048,worker8,approve,,False,False,good enough assignment,"['http://object-naming-amore.upf.edu//2406793_290252_seed_ambiguous.png - filming: visual', ""http://object-naming-amore.upf.edu//2406793_290252_seed_ambiguous.png - filming: ['curtain', 'filming']""]",2
3Q8GYXHFEP2GPSQHULPFU0VM72XC5R,0.4444444444444444,0.25925925925925924,0.75,0.8,3BFF0DJK8XCVVRSA21SCO19U8Z3TSV,../1_pre-pilot/verification_pilot_amt.csv_8,0.8095238095238095,worker16,approve,,False,False,good enough assignment,"['http://object-naming-amore.upf.edu//2319991_996919_supercat_unique.png - tracks: linguistic', 'http://object-naming-amore.upf.edu//2383959_529233_supercat_ambiguous.png - dotdog: linguistic', 'http://object-naming-amore.upf.edu//2320110_2918513_seed_ambiguous.png - engine: linguistic', 'http://object-naming-amore.upf.edu//2406793_290252_seed_ambiguous.png - filming: bounding box']",4
37XITHEISW95UFOFRS2IX10IZKQRCO,0.6296296296296297,1.6666666666666667,0.9230769230769231,0.9230769230769231,3BJKPTD2QCCJUCSXNCS7YR4YMXKRT5,../1_pre-pilot/verification_pilot_amt.csv_9,0.9230769230769231,worker9,approve,,False,False,good enough assignment,['http://object-naming-amore.upf.edu//2360367_2857132_singleton_obj.png - sticker: visual'],1
3JNQLM5FT4MHTZ10PFGGZCIXH3Q2L6,0.7777777777777778,0.6666666666666666,0.8,0.8,3BJKPTD2QCCJUCSXNCS7YR4YMXKRT5,../1_pre-pilot/verification_pilot_amt.csv_9,0.6923076923076923,worker11,approve,block,False,False,"good enough assignment, blocked because low average quality","['http://object-naming-amore.upf.edu//2413244_177212_singleton_obj.png - sleet: visual', 'http://object-naming-amore.upf.edu//2343655_921276_supercat_ambiguous.png - stripes: visual', 'http://object-naming-amore.upf.edu//2415942_2881595_supercat_ambiguous.png - shirt: visual']",3
3SNVL38CI4SJ7BBK18TLWPE44UPKCL,0.6296296296296297,0.7777777777777778,0.9230769230769231,0.9230769230769231,3BJKPTD2QCCJUCSXNCS7YR4YMXKRT5,../1_pre-pilot/verification_pilot_amt.csv_9,0.9230769230769231,worker20,approve,,False,False,good enough assignment,['http://object-naming-amore.upf.edu//2343655_921276_supercat_ambiguous.png - stripes: visual'],1
3VNL7UK1XFJPD6LHMJXE5MM3KKNTFQ,0.4444444444444444,0.7777777777777778,1.0,1.0,3BJKPTD2QCCJUCSXNCS7YR4YMXKRT5,../1_pre-pilot/verification_pilot_amt.csv_9,1.0,worker24,approve,bonus,False,False,"good enough assignment, bonus because very good assignment",[],0
36DSNE9QZ5YP5G259S20QA88EHRJOX,0.3076923076923077,0.5384615384615384,0.6363636363636364,0.6363636363636364,3BJKPTD2QCCJUCSXNCS7YR4YMXKTR7,../1_pre-pilot/verification_pilot_amt.csv_2,0.6875,worker18,reject,block,False,False,"failed assignment, worker not good enough on average, lenience already applied, blocked because low average quality","['http://object-naming-amore.upf.edu//2375426_2950862_singleton_obj.png - script: visual', 'http://object-naming-amore.upf.edu//1238_3635438_singleton_obj.png - shoebox: visual', 'http://object-naming-amore.upf.edu//2317212_1022693_singleton_obj.png - pot: visual', 'http://object-naming-amore.upf.edu//2385974_684689_singleton_obj.png - car: 0']",4
3C6FJU71TQTADAH1REFCZ3FL99BYUA,0.7307692307692307,0.5769230769230769,0.9230769230769231,0.9230769230769231,3BJKPTD2QCCJUCSXNCS7YR4YMXKTR7,../1_pre-pilot/verification_pilot_amt.csv_2,0.9375,worker11,approve,block,False,False,"good enough assignment, blocked because low average quality",['http://object-naming-amore.upf.edu//2385974_684689_singleton_obj.png - garage ~ garage_building'],1
3LOZAJ85YDDCTTIP3YJ4A6DKOA52XT,0.8076923076923077,1.0,1.0,1.0,3BJKPTD2QCCJUCSXNCS7YR4YMXKTR7,../1_pre-pilot/verification_pilot_amt.csv_2,0.9375,worker9,approve,bonus,False,False,"good enough assignment, bonus because very good assignment",[],0
3SEPORI8WNZQ3RD8HV04D9CT80CZAF,0.2692307692307692,0.4230769230769231,0.9090909090909091,0.9090909090909091,3BJKPTD2QCCJUCSXNCS7YR4YMXKTR7,../1_pre-pilot/verification_pilot_amt.csv_2,0.9375,worker26,approve,,False,False,good enough assignment,['http://object-naming-amore.upf.edu//2385974_684689_singleton_obj.png - car: 0'],1
31HQ4X3T3SAAYYIYJUVMQUV1FVSSLY,0.7692307692307693,0.7692307692307693,0.8,0.8571428571428571,3DFYDSXB2W0HW1O9FC981W49VUXJUW,../1_pre-pilot/verification_pilot_amt.csv_11,0.7647058823529411,worker19,approve,,False,False,good enough assignment,"['http://object-naming-amore.upf.edu//2358656_800444_supercat_unique.png - comics: visual', 'http://object-naming-amore.upf.edu//107996_1073842_supercat_unique.png - rocker: visual', 'http://object-naming-amore.upf.edu//2349227_2299218_singleton_obj.png - section: visual']",3
33SA9F9TRXUPZ9PFMDIJAO82CCNEWE,0.6923076923076923,1.0,1.0,1.0,3DFYDSXB2W0HW1O9FC981W49VUXJUW,../1_pre-pilot/verification_pilot_amt.csv_11,1.0,worker7,approve,bonus,False,False,"good enough assignment, bonus because very good assignment",[],0
33TIN5LC04ACTITYT3KL37S7WMCY9Q,0.5384615384615384,0.9230769230769231,0.7692307692307693,0.8333333333333334,3DFYDSXB2W0HW1O9FC981W49VUXJUW,../1_pre-pilot/verification_pilot_amt.csv_11,0.8235294117647058,worker3,approve,block,False,False,"good enough assignment, blocked because low average quality","['http://object-naming-amore.upf.edu//2358656_800444_supercat_unique.png - comics: visual', 'http://object-naming-amore.upf.edu//2358962_797293_supercat_unique.png - ty: linguistic', ""http://object-naming-amore.upf.edu//2358962_797293_supercat_unique.png - wheel: ['wheel']""]",3
3WSELTNVR32UHF49B3BMRLBCN4WTAZ,1.0769230769230769,0.8076923076923077,0.6875,0.7333333333333333,3DFYDSXB2W0HW1O9FC981W49VUXJUW,../1_pre-pilot/verification_pilot_amt.csv_11,0.7647058823529411,worker11,approve,block,False,False,"good enough assignment, blocked because low average quality","['http://object-naming-amore.upf.edu//2358656_800444_supercat_unique.png - comics: visual', 'http://object-naming-amore.upf.edu//2358962_797293_supercat_unique.png - wheel: 0', 'http://object-naming-amore.upf.edu//107996_1073842_supercat_unique.png - shirt: visual', ""http://object-naming-amore.upf.edu//2358962_797293_supercat_unique.png - wheel: ['wheel']"", 'http://object-naming-amore.upf.edu//2349227_2299218_singleton_obj.png - tie ~ tie_shirt']",5
39LNWE0K4UWONA2WNWT9DFLXJQ5UIS,0.4230769230769231,0.2692307692307692,0.8888888888888888,0.8888888888888888,3DTJ4WT8BDFQ7KWR7YXPL86WS4GEZV,../1_pre-pilot/verification_pilot_amt.csv_4,0.9047619047619048,worker20,approve,,False,False,good enough assignment,"['http://object-naming-amore.upf.edu//2361249_2215755_seed_ambiguous.png - jakcet: 0', 'http://object-naming-amore.upf.edu//2417254_2930050_singleton_obj.png - motorcycle: visual']",2
3GS6S824SQXTTF2SFCL20B2BQ3UNWG,0.23076923076923078,0.34615384615384615,0.9444444444444444,0.9444444444444444,3DTJ4WT8BDFQ7KWR7YXPL86WS4GEZV,../1_pre-pilot/verification_pilot_amt.csv_4,0.9090909090909091,worker18,approve,block,False,False,"good enough assignment, blocked because low average quality",['http://object-naming-amore.upf.edu//2417254_2930050_singleton_obj.png - motorcyccle: 0'],1
3SBEHTYCWN354JM1XXQYG0RAFCZYI9,0.7307692307692307,0.38461538461538464,1.0,1.0,3DTJ4WT8BDFQ7KWR7YXPL86WS4GEZV,../1_pre-pilot/verification_pilot_amt.csv_4,0.9090909090909091,worker25,approve,bonus,False,False,"good enough assignment, bonus because very good assignment",[],0
3X4JMASXCM9YKGCAJFN82LTD8C30BA,0.4230769230769231,0.34615384615384615,1.0,1.0,3DTJ4WT8BDFQ7KWR7YXPL86WS4GEZV,../1_pre-pilot/verification_pilot_amt.csv_4,1.0,worker24,approve,bonus,False,False,"good enough assignment, bonus because very good assignment",[],0
3BXQMRHWKZYAJTSN8BR158SE0ZQUM9,0.6153846153846154,0.6538461538461539,0.8235294117647058,0.8235294117647058,3EKZL9T8Y8MPJ1CJ5LLNVD2OB2MHCF,../1_pre-pilot/verification_pilot_amt.csv_16,0.8125,worker3,approve,block,False,False,"good enough assignment, blocked because low average quality","['http://object-naming-amore.upf.edu//2398442_425300_supercat_unique.png - lgiht: linguistic', 'http://object-naming-amore.upf.edu//2320509_3007652_singleton_obj.png - leavess: linguistic', 'http://object-naming-amore.upf.edu//2402888_1130347_singleton_obj.png - roof: linguistic']",3
3DY46V3X3PIVQ7H2FB27GUPCFLD55E,0.7307692307692307,0.6153846153846154,1.0,1.0,3EKZL9T8Y8MPJ1CJ5LLNVD2OB2MHCF,../1_pre-pilot/verification_pilot_amt.csv_16,0.9375,worker14,approve,bonus,False,False,"good enough assignment, bonus because very good assignment",[],0
3GNA64GUZE4KJT00Z3QAE5K3BH0Q5C,0.6923076923076923,0.8461538461538461,0.8125,0.8125,3EKZL9T8Y8MPJ1CJ5LLNVD2OB2MHCF,../1_pre-pilot/verification_pilot_amt.csv_16,0.75,worker5,approve,block,False,False,"good enough assignment, blocked because low average quality","['http://object-naming-amore.upf.edu//2398442_425300_supercat_unique.png - lgiht: linguistic', 'http://object-naming-amore.upf.edu//2320509_3007652_singleton_obj.png - leavess: visual', 'http://object-naming-amore.upf.edu//2402888_1130347_singleton_obj.png - roof: visual']",3
3HMVI3QICJSU4DQ3PQ5SO1AOYCV1YV,0.9615384615384616,1.6538461538461537,0.9333333333333333,0.9333333333333333,3EKZL9T8Y8MPJ1CJ5LLNVD2OB2MHCF,../1_pre-pilot/verification_pilot_amt.csv_16,0.9375,worker10,approve,,False,False,good enough assignment,['http://object-naming-amore.upf.edu//2354552_2038175_supercat_ambiguous.png - palace: 0'],1
3180JW2OT4C3X6WN4D61H48HXMH5J9,0.5925925925925926,1.0740740740740742,1.0,1.0,3F6045TU7DOU6XNXVPN4G63SM4B990,../1_pre-pilot/verification_pilot_amt.csv_7,1.0,worker9,approve,bonus,False,False,"good enough assignment, bonus because very good assignment",[],0
37C0GNLMHF3MDOW9Z0UV6CR4OXL6D2,0.7777777777777778,1.3703703703703705,0.6428571428571429,0.6428571428571429,3F6045TU7DOU6XNXVPN4G63SM4B990,../1_pre-pilot/verification_pilot_amt.csv_7,0.5555555555555556,worker15,approve,block,False,False,"failed assignment, but apply lenience, blocked because low average quality","['http://object-naming-amore.upf.edu//2356311_2693583_supercat_ambiguous.png - tuna: linguistic', 'http://object-naming-amore.upf.edu//2368266_747153_supercat_unique.png - queen: other', 'http://object-naming-amore.upf.edu//2368266_747153_supercat_unique.png - chase: linguistic', ""http://object-naming-amore.upf.edu//2380079_711349_singleton_obj.png - gil: ['gil']"", ""http://object-naming-amore.upf.edu//2371413_3854740_supercat_unique.png - hottdog: ['hottdog']""]",5
3AMW0RGHOD23965R3Q778HUFX6NPNJ,0.5555555555555556,0.5185185185185185,0.9285714285714286,0.9285714285714286,3F6045TU7DOU6XNXVPN4G63SM4B990,../1_pre-pilot/verification_pilot_amt.csv_7,0.9444444444444444,worker25,approve,,False,False,good enough assignment,['http://object-naming-amore.upf.edu//2368266_747153_supercat_unique.png - chase: visual'],1
3Y54SXRO1LLEWOI7H8SDRMN6U8HTU6,0.8518518518518519,3.888888888888889,0.9285714285714286,0.9285714285714286,3F6045TU7DOU6XNXVPN4G63SM4B990,../1_pre-pilot/verification_pilot_amt.csv_7,0.8888888888888888,worker21,approve,,False,False,good enough assignment,"[""http://object-naming-amore.upf.edu//2380079_711349_singleton_obj.png - gil: ['gil']""]",1
32SVAV9L3F9PIY6FWO5V987ET3S3AX,0.6296296296296297,0.5185185185185185,1.0,1.0,3I4E7AFQ2KZ2WO9KF7JYW0I7CGQJT5,../1_pre-pilot/verification_pilot_amt.csv_5,0.9230769230769231,worker4,approve,bonus,False,False,"good enough assignment, bonus because very good assignment",[],0
3J4Q2Z4UTY3EWCFKV4DJ45XGVFEQW5,0.6666666666666666,1.2592592592592593,1.0,1.0,3I4E7AFQ2KZ2WO9KF7JYW0I7CGQJT5,../1_pre-pilot/verification_pilot_amt.csv_5,1.0,worker10,approve,bonus,False,False,"good enough assignment, bonus because very good assignment",[],0
3KMS4QQVK2QQANVUSAJM4VZ718ZFKB,0.9629629629629629,0.5185185185185185,1.0,1.0,3I4E7AFQ2KZ2WO9KF7JYW0I7CGQJT5,../1_pre-pilot/verification_pilot_amt.csv_5,0.9230769230769231,worker22,approve,bonus,False,False,"good enough assignment, bonus because very good assignment",[],0
3OCHAWUVGOK7A9MFS4P8A2ZE5CAXKX,1.0,0.8148148148148148,0.95,0.95,3I4E7AFQ2KZ2WO9KF7JYW0I7CGQJT5,../1_pre-pilot/verification_pilot_amt.csv_5,0.9230769230769231,worker8,approve,,False,False,good enough assignment,['http://object-naming-amore.upf.edu//2370015_607119_singleton_obj.png - jockeys: visual'],1
36NEMU28XFDNBXHS3B62NWDBLDKWMP,0.7777777777777778,0.5555555555555556,0.8571428571428571,0.9473684210526315,3M67TQBQQHO8BGX2NV14C1ECSMT9AF,../1_pre-pilot/verification_pilot_amt.csv_10,0.8421052631578947,worker25,approve,,False,False,good enough assignment,"['http://object-naming-amore.upf.edu//2347127_1974512_singleton_obj.png - bike: 0', 'http://object-naming-amore.upf.edu//2379767_1354596_singleton_obj.png - shop: linguistic', ""http://object-naming-amore.upf.edu//2347127_1974512_singleton_obj.png - bike: ['motorcycle', 'bike', 'motorbike', 'vehicle']""]",3
39JEC7537U1XNM5W0C7SYYPLKSZCV2,0.8148148148148148,0.8888888888888888,0.85,0.9444444444444444,3M67TQBQQHO8BGX2NV14C1ECSMT9AF,../1_pre-pilot/verification_pilot_amt.csv_10,0.8421052631578947,worker8,approve,,False,False,good enough assignment,"['http://object-naming-amore.upf.edu//2347127_1974512_singleton_obj.png - bike: 0', 'http://object-naming-amore.upf.edu//2379767_1354596_singleton_obj.png - restaurabt: visual', ""http://object-naming-amore.upf.edu//2347127_1974512_singleton_obj.png - bike: ['motorcycle', 'bike', 'motorbike', 'vehicle']""]",3
3R3YRB5GRF39HSJYB81WWHXE6G9AU9,0.7777777777777778,1.0740740740740742,0.7619047619047619,0.8421052631578947,3M67TQBQQHO8BGX2NV14C1ECSMT9AF,../1_pre-pilot/verification_pilot_amt.csv_10,0.7894736842105263,worker9,approve,,False,False,good enough assignment,"['http://object-naming-amore.upf.edu//2347127_1974512_singleton_obj.png - bike: visual', 'http://object-naming-amore.upf.edu//2357516_811425_singleton_obj.png - car: visual', 'http://object-naming-amore.upf.edu//2357516_811425_singleton_obj.png - grass: 0', ""http://object-naming-amore.upf.edu//2347127_1974512_singleton_obj.png - bike: ['motorcycle', 'bike', 'motorbike']"", 'http://object-naming-amore.upf.edu//2379767_1354596_singleton_obj.png - house ~ house_building']",5
3SLE99ER0NDVM1I0N9008KWZQHDBZ0,0.7037037037037037,0.8148148148148148,0.8947368421052632,1.0,3M67TQBQQHO8BGX2NV14C1ECSMT9AF,../1_pre-pilot/verification_pilot_amt.csv_10,0.8947368421052632,worker1,approve,bonus,False,False,"good enough assignment, bonus because very good assignment","['http://object-naming-amore.upf.edu//2347127_1974512_singleton_obj.png - bike: 0', ""http://object-naming-amore.upf.edu//2347127_1974512_singleton_obj.png - bike: ['motorcycle', 'bike', 'motorbike', 'vehicle']""]",2
3F6HPJW4JD0X4TDZTTNI8NZDFAV2W0,0.9629629629629629,1.0,0.6666666666666666,0.6666666666666666,3M93N4X8HKN1HOW5Q7E8MVMLAXCJSG,../1_pre-pilot/verification_pilot_amt.csv_1,0.5625,worker11,reject,block,False,False,"failed assignment, worker not good enough on average, lenience already applied, blocked because low average quality","['http://object-naming-amore.upf.edu//1591786_1603721_seed_ambiguous.png - snorkel: visual', 'http://object-naming-amore.upf.edu//2357048_2842892_singleton_obj.png - cow: visual', 'http://object-naming-amore.upf.edu//2357727_3037329_singleton_obj.png - dugout: bounding box', 'http://object-naming-amore.upf.edu//2357727_3037329_singleton_obj.png - gloves: 0', 'http://object-naming-amore.upf.edu//2395068_458089_supercat_unique.png - sunglasses: 0', 'http://object-naming-amore.upf.edu//2357048_2842892_singleton_obj.png - stamp: visual', 'http://object-naming-amore.upf.edu//2351869_1706343_singleton_obj.png - hotdog ~ hotdog_food']",7
3IAEQB9FMEKK73BFQI7Z46QHC0LWD2,0.6666666666666666,0.48148148148148145,1.0,1.0,3M93N4X8HKN1HOW5Q7E8MVMLAXCJSG,../1_pre-pilot/verification_pilot_amt.csv_1,1.0,worker1,approve,bonus,False,False,"good enough assignment, bonus because very good assignment",[],0
3WT783CTPBHIE87QVVGSXMVEHYJBCR,0.8888888888888888,1.8888888888888888,1.0,1.0,3M93N4X8HKN1HOW5Q7E8MVMLAXCJSG,../1_pre-pilot/verification_pilot_amt.csv_1,1.0,worker10,approve,bonus,False,False,"good enough assignment, bonus because very good assignment",[],0
3ZWFC4W1UU7CXR8PIUSJ57LLWZ0RFL,0.2222222222222222,0.8888888888888888,0.8666666666666667,0.8666666666666667,3M93N4X8HKN1HOW5Q7E8MVMLAXCJSG,../1_pre-pilot/verification_pilot_amt.csv_1,0.8125,worker26,approve,,False,False,good enough assignment,"['http://object-naming-amore.upf.edu//2357727_3037329_singleton_obj.png - gloves: 0', 'http://object-naming-amore.upf.edu//2395068_458089_supercat_unique.png - sunglasses: 0']",2
36ZN444YTRYTA5IZRAH0E9T812TIOB,1.0384615384615385,1.1923076923076923,0.5625,0.6428571428571429,3MDWE879UH2DUQ2UT9107CYIA4E9BA,../1_pre-pilot/verification_pilot_amt.csv_14,0.4117647058823529,worker0,approve,block,False,False,"failed assignment, but apply lenience, blocked because low average quality","['http://object-naming-amore.upf.edu//2363753_2630772_singleton_obj.png - crouton: visual', 'http://object-naming-amore.upf.edu//2363753_2630772_singleton_obj.png - wheel: visual', 'http://object-naming-amore.upf.edu//2388889_1265919_supercat_unique.png - colla: visual', 'http://object-naming-amore.upf.edu//2318399_3417848_supercat_ambiguous.png - hand: linguistic', 'http://object-naming-amore.upf.edu//2363753_2630772_singleton_obj.png - truck: other', 'http://object-naming-amore.upf.edu//2349149_1903388_singleton_obj.png - eye: visual', ""http://object-naming-amore.upf.edu//2363753_2630772_singleton_obj.png - wheel: ['wheel']""]",7
37C0GNLMHF3MDOW9Z0UV6CR4OZLD6D,0.7692307692307693,0.6923076923076923,0.6666666666666666,0.75,3MDWE879UH2DUQ2UT9107CYIA4E9BA,../1_pre-pilot/verification_pilot_amt.csv_14,0.5294117647058824,worker11,approve,block,False,False,"good enough assignment, blocked because low average quality","['http://object-naming-amore.upf.edu//2345735_905140_supercat_unique.png - meat: 0', 'http://object-naming-amore.upf.edu//2363753_2630772_singleton_obj.png - crouton: visual', 'http://object-naming-amore.upf.edu//2363753_2630772_singleton_obj.png - wheel: 0', 'http://object-naming-amore.upf.edu//2318399_3417848_supercat_ambiguous.png - hand: 0', 'http://object-naming-amore.upf.edu//2349149_1903388_singleton_obj.png - eye: visual', ""http://object-naming-amore.upf.edu//2363753_2630772_singleton_obj.png - wheel: ['wheel']""]",6
3A0EX8ZRN8OVHB8VRNYHUDNXKSJYBG,0.9615384615384616,0.5769230769230769,0.8823529411764706,0.9333333333333333,3MDWE879UH2DUQ2UT9107CYIA4E9BA,../1_pre-pilot/verification_pilot_amt.csv_14,0.7647058823529411,worker17,approve,,False,False,good enough assignment,"['http://object-naming-amore.upf.edu//2363753_2630772_singleton_obj.png - truck: visual', ""http://object-naming-amore.upf.edu//2363753_2630772_singleton_obj.png - wheel: ['wheel']""]",2
3RKNTXVS3MYA0UPJW2AEJDZK73H4AC,0.7307692307692307,0.6538461538461539,0.8333333333333334,1.0,3MDWE879UH2DUQ2UT9107CYIA4E9BA,../1_pre-pilot/verification_pilot_amt.csv_14,0.7647058823529411,worker16,approve,bonus,False,False,"good enough assignment, bonus because very good assignment","['http://object-naming-amore.upf.edu//2363753_2630772_singleton_obj.png - crouton: linguistic', ""http://object-naming-amore.upf.edu//2363753_2630772_singleton_obj.png - wheel: ['wheel']""]",2
3483FV8BEEJZAEYT2BAEAT00R6026T,0.6153846153846154,1.3846153846153846,0.9230769230769231,1.0,3OZ4VAIBEXFH9GD9K2JDXI6S916JVL,../1_pre-pilot/verification_pilot_amt.csv_15,0.8125,worker9,approve,bonus,False,False,"good enough assignment, bonus because very good assignment",['http://object-naming-amore.upf.edu//2393350_473139_singleton_obj.png - sachet: bounding box'],1
3CP1TO84PT13RAYFXS09INM0VC225S,0.3076923076923077,0.6923076923076923,0.6153846153846154,0.6666666666666666,3OZ4VAIBEXFH9GD9K2JDXI6S916JVL,../1_pre-pilot/verification_pilot_amt.csv_15,0.5625,worker18,approve,block,False,False,"failed assignment, but apply lenience, blocked because low average quality","['http://object-naming-amore.upf.edu//2366484_1907330_singleton_obj.png - jsd: linguistic', 'http://object-naming-amore.upf.edu//2367473_1781262_singleton_obj.png - duout: visual', 'http://object-naming-amore.upf.edu//2366736_3877450_seed_ambiguous.png - racket: 0', 'http://object-naming-amore.upf.edu//782_1059153_singleton_obj.png - sign: visual', 'http://object-naming-amore.upf.edu//2393350_473139_singleton_obj.png - sachet: visual']",5
3QY5DC2MXRK4DJ06MONOAI853YHUF5,0.6538461538461539,0.8076923076923077,0.8571428571428571,0.9230769230769231,3OZ4VAIBEXFH9GD9K2JDXI6S916JVL,../1_pre-pilot/verification_pilot_amt.csv_15,0.75,worker11,approve,block,False,False,"good enough assignment, blocked because low average quality","['http://object-naming-amore.upf.edu//782_1059153_singleton_obj.png - house: bounding box', 'http://object-naming-amore.upf.edu//2393350_473139_singleton_obj.png - sachet: visual']",2
3RXPCZQMQPBUIM53VKJMH13KTETG1W,0.5,0.8846153846153846,0.8461538461538461,0.9166666666666666,3OZ4VAIBEXFH9GD9K2JDXI6S916JVL,../1_pre-pilot/verification_pilot_amt.csv_15,0.8125,worker25,approve,,False,False,good enough assignment,"['http://object-naming-amore.upf.edu//2366484_1907330_singleton_obj.png - jsd: visual', 'http://object-naming-amore.upf.edu//2393350_473139_singleton_obj.png - sachet: visual']",2
30LSNF239UVF3YTU4CJ37WQ50X5I2D,0.9230769230769231,0.3076923076923077,0.9333333333333333,0.9333333333333333,3RIHDBQ1NEY2SNOAIAF1Y9705GQMH2,../1_pre-pilot/verification_pilot_amt.csv_12,0.9285714285714286,worker25,approve,,False,False,good enough assignment,['http://object-naming-amore.upf.edu//2374644_586413_singleton_obj.png - shorts: visual'],1
37QW5D2ZRGMFJRYFP5MILP9VVVMS85,0.6153846153846154,0.5,0.75,0.75,3RIHDBQ1NEY2SNOAIAF1Y9705GQMH2,../1_pre-pilot/verification_pilot_amt.csv_12,0.7857142857142857,worker5,approve,block,False,False,"good enough assignment, blocked because low average quality","['http://object-naming-amore.upf.edu//2318417_3392338_supercat_unique.png - eye: 0', 'http://object-naming-amore.upf.edu//2393377_1220531_seed_ambiguous.png - gaot: visual', 'http://object-naming-amore.upf.edu//2388024_675908_singleton_obj.png - line: visual']",3
3L6L49WXW0XDUOD216JXB2JYFS7453,0.7307692307692307,0.38461538461538464,1.0,1.0,3RIHDBQ1NEY2SNOAIAF1Y9705GQMH2,../1_pre-pilot/verification_pilot_amt.csv_12,0.9285714285714286,worker17,approve,bonus,False,False,"good enough assignment, bonus because very good assignment",[],0
3U5JL4WY5K9MW7XC7C2S3LAI8RN4XJ,0.7692307692307693,0.5384615384615384,1.0,1.0,3RIHDBQ1NEY2SNOAIAF1Y9705GQMH2,../1_pre-pilot/verification_pilot_amt.csv_12,1.0,worker23,approve,bonus,False,False,"good enough assignment, bonus because very good assignment",[],0
39ASUFLU6X74O9U5WIE5C7M9LFZXEY,0.8148148148148148,1.0,0.6666666666666666,0.6666666666666666,3V8JSVE8YYQQ2UMMBCV671XUMACEY4,../1_pre-pilot/verification_pilot_amt.csv_0,0.5294117647058824,worker11,approve,block,False,False,"failed assignment, but apply lenience, blocked because low average quality","['http://object-naming-amore.upf.edu//2410677_211980_singleton_obj.png - faucet: visual', 'http://object-naming-amore.upf.edu//2339772_950056_singleton_obj.png - lid: visual', 'http://object-naming-amore.upf.edu//2339772_950056_singleton_obj.png - bookshelves: bounding box', 'http://object-naming-amore.upf.edu//2408724_256110_supercat_unique.png - window: 0', 'http://object-naming-amore.upf.edu//2410677_211980_singleton_obj.png - curtain: bounding box', ""http://object-naming-amore.upf.edu//2339772_950056_singleton_obj.png - bookshelves: ['bookshelves']""]",6
3IXQG4FA2TYGGA0NJB61VWU6BFKB9I,0.4074074074074074,0.7407407407407407,1.0,1.0,3V8JSVE8YYQQ2UMMBCV671XUMACEY4,../1_pre-pilot/verification_pilot_amt.csv_0,0.8823529411764706,worker26,approve,bonus,False,False,"good enough assignment, bonus because very good assignment",[],0
3LEIZ60CDJZCY833PPM4HE192HJ9ZX,0.48148148148148145,0.9629629629629629,0.6,0.6,3V8JSVE8YYQQ2UMMBCV671XUMACEY4,../1_pre-pilot/verification_pilot_amt.csv_0,0.5294117647058824,worker18,reject,block,False,False,"failed assignment, worker not good enough on average, lenience already applied, blocked because low average quality","['http://object-naming-amore.upf.edu//2410677_211980_singleton_obj.png - faucet: visual', 'http://object-naming-amore.upf.edu//2339772_950056_singleton_obj.png - lid: 0', 'http://object-naming-amore.upf.edu//2408724_256110_supercat_unique.png - window: 0', 'http://object-naming-amore.upf.edu//2410677_211980_singleton_obj.png - curtain: visual', 'http://object-naming-amore.upf.edu//2347527_3052675_supercat_unique.png - hoat: visual', ""http://object-naming-amore.upf.edu//2347527_3052675_supercat_unique.png - hoat: ['cow', 'giraffe', 'hoat']""]",6
3NPI0JQDAO514JAB0MTJHG07MQYPTD,1.0,1.2222222222222223,0.8421052631578947,0.8421052631578947,3V8JSVE8YYQQ2UMMBCV671XUMACEY4,../1_pre-pilot/verification_pilot_amt.csv_0,0.7647058823529411,worker8,approve,,False,False,good enough assignment,"['http://object-naming-amore.upf.edu//2347527_3052675_supercat_unique.png - hoat: visual', ""http://object-naming-amore.upf.edu//2347527_3052675_supercat_unique.png - hoat: ['cow', 'giraffe', 'tongue', 'hoat']"", 'http://object-naming-amore.upf.edu//2347527_3052675_supercat_unique.png - tongue ~ tongue_giraffe']",3
317HQ483I7SBSKINQVHNZKT3BTPNI4,0.8076923076923077,0.8076923076923077,0.9,0.9,3ZURAPD288NLI2BFUY83BW7KRQIF1P,../1_pre-pilot/verification_pilot_amt.csv_13,0.9285714285714286,worker1,approve,,False,False,good enough assignment,"[""http://object-naming-amore.upf.edu//2361183_783593_supercat_unique.png - fluff: ['fluff', 'cake']""]",1
31T4R4OBOSGVCW40IE4CSK9IY837CC,0.8076923076923077,1.1923076923076923,1.0,1.0,3ZURAPD288NLI2BFUY83BW7KRQIF1P,../1_pre-pilot/verification_pilot_amt.csv_13,0.9285714285714286,worker9,approve,bonus,False,False,"good enough assignment, bonus because very good assignment",[],0
3DZQRBDBSLFTIUS9DORMU81KFDAS31,0.8076923076923077,0.23076923076923078,0.9166666666666666,0.9166666666666666,3ZURAPD288NLI2BFUY83BW7KRQIF1P,../1_pre-pilot/verification_pilot_amt.csv_13,0.9285714285714286,worker22,approve,,False,False,good enough assignment,"['http://object-naming-amore.upf.edu//2361183_783593_supercat_unique.png - sandwich ~ sandwich_tomato sauce,food,sauce']",1
3Z2R0DQ0JHE3NTR88TTCMHSD86LE2R,0.8461538461538461,1.0,0.7142857142857143,0.7142857142857143,3ZURAPD288NLI2BFUY83BW7KRQIF1P,../1_pre-pilot/verification_pilot_amt.csv_13,0.5714285714285714,worker11,approve,block,False,False,"good enough assignment, blocked because low average quality","['http://object-naming-amore.upf.edu//2400746_405982_seed_ambiguous.png - cow: visual', 'http://object-naming-amore.upf.edu//2400746_405982_seed_ambiguous.png - tag: 0', 'http://object-naming-amore.upf.edu//2360826_2041729_singleton_obj.png - house: visual', 'http://object-naming-amore.upf.edu//2364594_2581620_singleton_obj.png - hotdog ~ hotdog_food']",4
