,domain,word1,word2,relation,same_object,subrelation,totalfreq,freq-w1-w2,freq-w2-w1,domain_w1,domain_w2,syn_w1,syn_w2
1119,food,sandwich,bread,crossclassified,f,part.2,776,429,347,food,food,0,0
479,food,pizza,cheese,crossclassified,f,part.2,516,477,39,food,food,0,0
622,food,pizza,plate,crossclassified,f,supports.2,477,442,35,food,food,0,0
1620,food,sandwich,bun,crossclassified,f,part.2,360,234,126,food,food,0,0
1614,food,hotdog,bun,crossclassified,f,part.2,295,244,51,food,food,0,0
885,food,sandwich,plate,crossclassified,f,supports.2,261,224,37,food,food,0,0
147,food,pizza,toppings,crossclassified,f,part.2,238,235,3,food,food,0,0
3376,food,bun,burger,crossclassified,f,part.2,218,143,75,food,food,0,0
480,food,food,toppings,crossclassified,f,part.2,211,137,74,food,food,0,0
5305,food,bread,burger,crossclassified,f,part.2,210,142,68,food,food,0,0
2449,food,cake,dessert,crossclassified,t,hypernym.2,185,169,16,food,food,0,0
6641,food,hotdog,bread,crossclassified,f,part.2,150,90,60,food,food,0,0
2826,food,bread,plate,crossclassified,f,supports.2,148,83,65,food,food,0,0
2447,food,cake,pie,crossclassified,t,overlapping,147,107,40,food,food,0,0
482,food,cheese,toppings,crossclassified,t,overlapping,141,86,55,food,food,0,0
51,food,sandwich,cake,crossclassified,f,adjacent,138,120,18,food,food,0,0
2153,food,cake,plate,crossclassified,f,supports.2,129,81,48,food,food,0,0
2300,food,food,bowl,crossclassified,f,supports.2,125,94,31,food,home,0,0
3272,food,salad,plate,crossclassified,f,supports.2,116,77,39,food,food,0,0
10057,food,plate,cheese,crossclassified,f,supports.2,110,73,37,food,food,0,0
1122,food,sandwich,toast,crossclassified,t,overlapping,105,71,34,food,food,0,0
2914,food,sandwich,pizza,crossclassified,f,adjacent,98,74,24,food,food,0,0
1705,food,pizza,slice,crossclassified,t,conc_disagreement,96,96,0,food,food,0,0
4703,food,pizza,bread,crossclassified,f,adjacent,92,58,34,food,food,0,0
3722,food,plate,burger,crossclassified,f,supports.2,91,51,40,food,food,0,0
4187,food,donut,pastry,crossclassified,t,hypernym.2,90,85,5,food,food,0,0
12012,food,sandwich,cheese,crossclassified,f,part.2,85,78,7,food,food,0,0
6009,food,pizza,pie,crossclassified,t,overlapping,84,66,18,food,food,0,0
1662,food,food,fruit,crossclassified,t,overlapping,74,49,25,food,home,0,0
167,food,salad,vegetables,crossclassified,t,hypernym.2,71,62,9,food,food,0,0
845,food,broccoli,salad,crossclassified,f,part.2,67,34,33,food,food,0,0
10657,food,food,snakes,crossclassified,f,adjacent,67,67,0,food,food,0,0
3491,food,pizza,burger,crossclassified,f,adjacent,64,39,25,food,food,0,0
2966,food,burger,cake,crossclassified,f,adjacent,62,31,31,food,food,0,0
3913,food,salad,bowl,crossclassified,f,supports.2,62,44,18,food,home,0,0
5310,food,cake,burger,crossclassified,f,adjacent,62,31,31,food,food,0,0
146,food,pizza,sauce,crossclassified,f,part.2,61,56,5,food,food,0,0
3843,food,food,slice,crossclassified,t,overlapping,60,31,29,food,food,0,0
12348,food,hotdog,cheese,crossclassified,f,part.2,56,45,11,food,food,0,0
2569,food,cake,bun,crossclassified,t,overlapping,55,28,27,food,food,0,0
9976,food,plate,bun,crossclassified,f,supports.1,55,33,22,food,food,0,0
2453,food,dessert,pie,crossclassified,t,overlapping,52,27,25,food,food,0,0
827,food,salad,lettuce,crossclassified,t,overlapping,52,41,11,food,food,0,0
10227,food,bread,cheese,crossclassified,f,supports.1,49,41,8,food,food,0,0
12007,food,burger,cheese,crossclassified,f,part.2,49,31,18,food,food,0,0
4856,food,hotdog,plate,crossclassified,f,supports.2,47,41,6,food,food,0,0
834,food,salad,vegetable,crossclassified,t,hypernym.2,46,38,8,food,food,0,0
2956,food,sandwich,meat,crossclassified,f,part.2,45,37,8,food,animals_plants,0,0
5516,food,pizza,crust,crossclassified,f,part.2,44,37,7,food,food,0,0
7589,food,pizza,table,crossclassified,f,supports.2,44,35,9,food,home,0,0
13529,food,pastry,dessert,crossclassified,t,overlapping,44,24,20,food,food,0,0
3271,food,plate,meal,crossclassified,t,overlapping,43,31,12,food,food,0,0
6621,food,sauce,plate,crossclassified,f,supports.1,43,26,17,food,food,0,0
10711,food,donut,bagel,crossclassified,t,conc_disagreement,42,25,17,food,food,0,0
3532,food,soup,bowl,crossclassified,f,supports.1,42,41,1,food,home,0,0
5817,food,bread,donut,crossclassified,f,conc_disagreement,41,21,20,food,food,0,0
4190,food,donut,sweet,crossclassified,t,hypernym.2,40,40,0,food,food,0,0
1707,food,cheese,sauce,crossclassified,f,adjacent,38,25,13,food,food,0,0
3938,food,pizza,tomato,crossclassified,f,part.2,38,36,2,food,food,0,0
5532,food,food,crust,crossclassified,f,part.2,38,25,13,food,food,0,0
6426,food,food,topping,crossclassified,f,part.2,38,36,2,food,food,0,0
10672,food,sandwich,snakes,crossclassified,f,adjacent,36,35,1,food,food,0,0
12618,food,donut,plate,crossclassified,f,supports.2,34,30,4,food,food,0,0
20844,food,bun,cheese,crossclassified,f,adjacent,34,27,7,food,food,0,0
3279,food,sandwich,meal,crossclassified,t,overlapping,34,25,9,food,food,0,0
12061,food,hotdog,cake,crossclassified,f,adjacent,34,32,2,food,food,0,0
12703,food,donut,dessert,crossclassified,t,overlapping,32,31,1,food,food,0,0
3276,food,plate,vegetable,crossclassified,f,supports.1,32,23,9,food,food,0,0
1060,food,cake,toy,crossclassified,t,overlapping,31,28,3,food,home,0,0
8681,food,food,spoon,crossclassified,f,adjacent,31,29,2,food,home,0,0
31232,food,cake,cheese,crossclassified,f,adjacent,31,20,11,food,food,0,0
18002,food,donut,bun,crossclassified,t,conc_disagreement,30,28,2,food,food,0,0
22291,food,sandwich,snacks,crossclassified,t,overlapping,30,30,0,food,food,0,0
6425,food,pizza,topping,crossclassified,f,part.2,29,29,0,food,food,0,0
4841,food,hotdog,ketchup,crossclassified,f,adjacent,29,27,2,food,food,0,0
2742,food,glass,beer,crossclassified,f,supports.1,28,17,11,home,food,0,0
3487,food,hotdog,pizza,crossclassified,f,adjacent,28,25,3,food,food,0,0
23989,food,pizza,snack,crossclassified,t,overlapping,28,28,0,food,food,0,0
24624,food,pizza,snacks,crossclassified,t,overlapping,28,28,0,food,food,0,0
9973,food,plate,pie,crossclassified,f,supports.1,27,17,10,food,food,0,0
13100,food,bear,cake,crossclassified,t,overlapping,27,16,11,animals_plants,food,0,0
12497,food,toppings,plate,crossclassified,f,adjacent,27,22,5,food,food,0,0
47484,food,cake,train,crossclassified,t,overlapping,27,17,10,food,vehicles,0,0
7958,food,plate,toast,crossclassified,f,supports.1,27,14,13,food,food,0,0
3286,food,sandwich,salad,crossclassified,f,adjacent,27,16,11,food,food,0,0
2572,food,sandwich,roll,crossclassified,f,part.2,27,21,6,food,food,0,0
5806,food,cake,toast,crossclassified,f,adjacent,27,15,12,food,food,0,0
686,food,hotdog,hotdog bun,crossclassified,f,part.2,26,26,0,food,food,0,0
884,food,sandwich,tomato,crossclassified,f,part.2,26,22,4,food,food,0,0
1615,food,mustard,hotdog,crossclassified,f,adjacent,26,15,11,food,food,0,0
4942,food,bread,sub,crossclassified,f,part.1,26,18,8,food,food,0,0
10665,food,sandwich,chicken,crossclassified,f,part.2,26,19,7,food,animals_plants,0,0
10673,food,bread,meat,crossclassified,f,part.2,26,22,4,food,animals_plants,0,0
8082,food,pasta,plate,crossclassified,f,supports.1,25,15,10,food,food,0,0
6645,food,pizza,bun,crossclassified,f,adjacent,25,15,10,food,food,0,0
3055,food,plate,dessert,crossclassified,f,supports.1,25,16,9,food,food,0,0
6627,food,soup,plate,crossclassified,f,supports.2,24,19,5,food,food,0,0
11365,food,plate,broccoli,crossclassified,f,supports.1,24,13,11,food,food,0,0
11807,food,dessert,pizza,crossclassified,f,adjacent,24,17,7,food,food,0,0
14185,food,vegetables,plate,crossclassified,f,supports.2,24,14,10,food,food,0,0
2815,food,sandwich,pastry,crossclassified,,,23,18,5,food,food,0,0
4850,food,rice,plate,crossclassified,,,23,17,6,food,food,0,0
7093,food,slice,plate,crossclassified,,,23,13,10,food,food,0,0
7906,food,sandwich,snack,crossclassified,,,22,21,1,food,food,0,0
9651,food,dessert,cookie,crossclassified,,,22,13,9,food,food,0,0
8947,food,sandwich,croissant,crossclassified,,,22,12,10,food,food,0,0
6138,food,sandwich,sausage,crossclassified,,,22,22,0,food,food,0,0
6960,food,hamburger,bun,crossclassified,,,22,16,6,food,food,0,0
6623,food,sauce,burger,crossclassified,,,22,15,7,food,food,0,0
5130,food,bun,sub,crossclassified,,,22,13,9,food,food,0,0
1711,food,toppings,sauce,crossclassified,,,21,13,8,food,food,0,0
13797,food,bread,snacks,crossclassified,,,21,16,5,food,food,0,0
24681,food,bagel,plate,crossclassified,,,21,16,5,food,food,0,0
14584,food,sandwich,bagel,crossclassified,,,20,18,2,food,food,0,0
14583,food,sauce,sandwich,crossclassified,,,20,10,10,food,food,0,0
12018,food,sandwich,sauce,crossclassified,,,20,10,10,food,food,0,0
10978,food,hotdog,snakes,crossclassified,,,20,20,0,food,food,0,0
5801,food,sandwich,donut,crossclassified,,,20,12,8,food,food,0,0
3278,food,salad,meal,crossclassified,,,20,15,5,food,food,0,0
2744,food,glass,drink,crossclassified,,,20,19,1,home,home,0,0
22076,food,pizza,pepperoni,crossclassified,,,19,19,0,food,food,0,0
18192,food,salad,burger,crossclassified,,,19,18,1,food,food,0,0
14794,food,sandwich,breakfast,crossclassified,,,19,19,0,food,food,0,0
10316,food,hotdog,toppings,crossclassified,,,19,13,6,food,food,0,0
12630,food,cake,sweet,crossclassified,,,19,15,4,food,food,0,0
12709,food,bread,dessert,crossclassified,,,19,12,7,food,food,0,0
8473,food,cupcake,dessert,crossclassified,,,19,11,8,food,food,0,0
7550,food,food,fork,crossclassified,,,19,19,0,food,home,0,0
6624,food,soup,sauce,crossclassified,,,19,12,7,food,food,0,0
5768,food,donut,burger,crossclassified,,,19,15,4,food,food,0,0
1121,food,toast,french toast,crossclassified,,,19,16,3,food,food,0,0
8324,food,plate,breakfast,crossclassified,,,19,16,3,food,food,0,0
30546,food,mustard,cheese,crossclassified,,,18,17,1,food,food,0,0
33165,food,soup,spoon,crossclassified,,,18,18,0,food,home,0,0
7687,food,cake,doll,crossclassified,,,18,18,0,food,home,0,0
2075,food,salad,fruit,crossclassified,,,18,14,4,food,home,0,0
2829,food,pastry,bun,crossclassified,,,17,10,7,food,food,0,0
6011,food,pizza,flatbread,crossclassified,,,17,17,0,food,food,0,0
6473,food,pizza,meal,crossclassified,,,17,15,2,food,food,0,0
9653,food,sandwich,dessert,crossclassified,,,17,12,5,food,food,0,0
8325,food,plate,chicken,crossclassified,,,16,13,3,food,animals_plants,0,0
28985,food,donut,sign,crossclassified,,,16,16,0,food,buildings,0,0
27240,food,pizza,bowl,crossclassified,,,16,11,5,food,home,0,0
15848,food,burger,tomato,crossclassified,,,16,8,8,food,food,0,0
9805,food,tomato,burger,crossclassified,,,16,8,8,food,food,0,0
27231,food,rice,bowl,crossclassified,,,16,16,0,food,home,0,0
8081,food,plate,dinner,crossclassified,,,16,15,1,food,home,0,0
4233,food,pizza,snakes,crossclassified,,,16,16,0,food,food,0,0
4154,food,cake,desert,crossclassified,,,16,14,2,food,food,0,0
1118,food,bread,french toast,crossclassified,,,16,12,4,food,food,0,0
575,food,cake,table,crossclassified,,,16,16,0,food,home,0,0
5348,food,food,knife,crossclassified,,,16,11,5,food,home,0,0
12353,food,cheese,topping,crossclassified,,,15,12,3,food,food,0,0
42667,food,box,cereal,crossclassified,,,15,15,0,home,food,0,0
25109,food,plate,pancake,crossclassified,,,15,15,0,food,food,0,0
12629,food,cake,chocolate,crossclassified,,,15,14,1,food,food,0,0
14589,food,sauce,cake,crossclassified,,,15,8,7,food,food,0,0
10666,food,bread,chicken,crossclassified,,,15,10,5,food,animals_plants,0,0
9975,food,bun,sausage,crossclassified,,,15,13,2,food,food,0,0
9571,food,bread,tomato,crossclassified,,,15,13,2,food,food,0,0
8486,food,cake,frosting,crossclassified,,,15,12,3,food,food,0,0
5309,food,food,leaf,crossclassified,,,15,12,3,food,animals_plants,0,0
13391,food,burger,snakes,crossclassified,,,14,14,0,food,food,0,0
34000,food,food,paper,crossclassified,,,14,14,0,food,home,0,0
27170,food,hotdog,tomato,crossclassified,,,14,11,3,food,food,0,0
22078,food,cheese,pepperoni,crossclassified,,,14,8,6,food,food,0,0
17622,food,food,tray,crossclassified,,,14,11,3,food,home,0,0
17620,food,pizza,tray,crossclassified,,,14,14,0,food,home,0,0
16976,food,plate,egg,crossclassified,,,14,11,3,food,food,0,0
15472,food,burger,snacks,crossclassified,,,14,11,3,food,food,0,0
14749,food,roll,burger,crossclassified,,,14,7,7,food,food,0,0
14748,food,burger,sausage,crossclassified,,,14,11,3,food,food,0,0
13676,food,burger,roll,crossclassified,,,14,7,7,food,food,0,0
841,food,salad,greens,crossclassified,,,14,14,0,food,food,0,0
12714,food,hotdog,roll,crossclassified,,,14,14,0,food,food,0,0
6961,food,hamburger,bread,crossclassified,,,14,12,2,food,food,0,0
3488,food,sandwich,lunch,crossclassified,,,14,14,0,food,food,0,0
4728,food,pizza,spoon,crossclassified,,,14,13,1,food,home,0,0
5913,food,glass,wine,crossclassified,,,14,8,6,home,home,0,0
12371,food,plate,snakes,crossclassified,,,14,14,0,food,food,0,0
7951,food,toast,pizza,crossclassified,,,14,9,5,food,food,0,0
10250,food,toast,breakfast,crossclassified,,,14,13,1,food,food,0,0
10675,food,bread,snakes,crossclassified,,,14,13,1,food,food,0,0
11806,food,pizza,cookie,crossclassified,,,14,12,2,food,food,0,0
10981,food,bun,snakes,crossclassified,,,13,13,0,food,food,0,0
70393,food,yogurt,container,crossclassified,,,13,13,0,food,home,0,0
31387,food,bagel,burger,crossclassified,,,13,9,4,food,food,0,0
25108,food,plate,snacks,crossclassified,,,13,13,0,food,food,0,0
22561,food,donut,snacks,crossclassified,,,13,12,1,food,food,0,0
21187,food,crust,bread,crossclassified,,,13,8,5,food,food,0,0
19962,food,bagel,cake,crossclassified,,,13,8,5,food,food,0,0
16715,food,bottle,wine,crossclassified,,,13,12,1,home,home,0,0
14750,food,pastry,burger,crossclassified,,,13,11,2,food,food,0,0
14706,food,cake,snacks,crossclassified,,,13,10,3,food,food,0,0
14664,food,hotdog,snacks,crossclassified,,,13,13,0,food,food,0,0
8412,food,pizza,tissue paper,crossclassified,,,13,13,0,food,food,0,0
8471,food,cupcake,frosting,crossclassified,,,13,13,0,food,food,0,0
4156,food,rice,cake,crossclassified,,,13,10,3,food,food,0,0
688,food,sandwich,hotdog bun,crossclassified,,,13,13,0,food,food,0,0
692,food,burger,hotdog bun,crossclassified,,,13,11,2,food,food,0,0
2452,food,pie,cheesecake,crossclassified,,,13,13,0,food,food,0,0
4133,food,food,desert,crossclassified,,,13,13,0,food,food,0,0
926,food,pasta,pasta salad,crossclassified,,,13,12,1,food,food,0,0
4316,food,cake,muffin,crossclassified,,,13,12,1,food,food,0,0
6617,food,gravy,plate,crossclassified,,,13,8,5,food,food,0,0
7554,food,fruit,plate,crossclassified,,,13,10,3,home,food,0,0
8167,food,pizza,fork,crossclassified,,,13,13,0,food,home,0,0
10226,food,bread,breakfast,crossclassified,,,12,11,1,food,food,0,0
47439,food,cake,snakes,crossclassified,,,12,11,1,food,food,0,0
44596,food,banana,plate,crossclassified,,,12,9,3,home,food,0,0
16469,food,quesadilla,sandwich,crossclassified,,,12,7,5,food,food,0,0
15092,food,sandwich,french toast,crossclassified,,,12,12,0,food,food,0,0
14405,food,sandwich,lettuce,crossclassified,,,12,9,3,food,food,0,0
14192,food,plate,tomato,crossclassified,,,12,10,2,food,food,0,0
11453,food,plate,snack,crossclassified,,,12,8,4,food,food,0,0
11763,food,bun,tomato,crossclassified,,,12,11,1,food,food,0,0
8414,food,food,tissue paper,crossclassified,,,12,11,1,food,food,0,0
6743,food,pizza,quesadilla,crossclassified,,,12,9,3,food,food,0,0
5802,food,banana,sandwich,crossclassified,,,12,8,4,home,food,0,0
5515,food,pizza,dough,crossclassified,,,12,12,0,food,food,0,0
4189,food,donut,cookie,crossclassified,,,12,10,2,food,food,0,0
3277,food,carrot,plate,crossclassified,,,12,7,5,food,food,0,0
2817,food,food,paganini,crossclassified,,,12,12,0,food,food,0,0
2814,food,sandwich,paganini,crossclassified,,,12,12,0,food,food,0,0
18583,food,hotdog,sauce,crossclassified,,,11,7,4,food,food,0,0
13102,food,bear,doll,crossclassified,,,11,11,0,animals_plants,home,0,0
14605,food,pizza,pan,crossclassified,,,11,11,0,food,home,0,0
14609,food,food,pan,crossclassified,,,11,11,0,food,home,0,0
14666,food,bun,snacks,crossclassified,,,11,8,3,food,food,0,0
23470,food,bread,hoagie,crossclassified,,,11,8,3,food,food,0,0
20030,food,bread,tortilla,crossclassified,,,11,7,4,food,food,0,0
20396,food,pancake,bread,crossclassified,,,11,9,2,food,food,0,0
21640,food,cheese,pie,crossclassified,,,11,7,4,food,food,0,0
10230,food,sauce,bread,crossclassified,,,11,8,3,food,food,0,0
11460,food,burger,meat,crossclassified,,,11,8,3,food,animals_plants,0,0
11615,food,broccoli,meal,crossclassified,,,11,10,1,food,food,0,0
8954,food,bread,cookie,crossclassified,,,11,10,1,food,food,0,0
4192,food,pastry,cookie,crossclassified,,,11,7,4,food,food,0,0
168,food,salad,dinner,crossclassified,,,11,11,0,food,home,0,0
8485,food,cake,icing,crossclassified,,,11,11,0,food,food,0,0
360,food,cake,knife,crossclassified,,,11,11,0,food,home,0,0
1709,food,slice,cheese,crossclassified,,,11,6,5,food,food,0,0
2074,food,salad,tomato,crossclassified,,,11,9,2,food,food,0,0
1999,food,pizza,dinner,crossclassified,,,11,11,0,food,home,0,0
5065,food,plate,lettuce,crossclassified,,,11,7,4,food,food,0,0
5347,food,pizza,knife,crossclassified,,,11,11,0,food,home,0,0
6010,food,pizza,pita,crossclassified,,,11,11,0,food,food,0,0
6900,food,pizza,box,crossclassified,,,11,11,0,food,home,0,0
30549,food,hotdog,chili,crossclassified,,,10,5,5,food,food,0,0
20834,food,chili,hotdog,crossclassified,,,10,5,5,food,food,0,0
22077,food,toppings,pepperoni,crossclassified,,,10,6,4,food,food,0,0
22560,food,pastry,snacks,crossclassified,,,10,8,2,food,food,0,0
27902,food,bun,meat,crossclassified,,,10,6,4,food,animals_plants,0,0
28188,food,salad,bread,crossclassified,,,10,6,4,food,food,0,0
82064,food,pancakes,plate,crossclassified,,,10,10,0,food,food,0,0
34169,food,sandwich,foil,crossclassified,,,10,10,0,food,food,0,0
42180,food,cookie,plate,crossclassified,,,10,5,5,food,food,0,0
42613,food,cake,shoe,crossclassified,,,10,10,0,food,people,0,0
44639,food,strawberry,plate,crossclassified,,,10,8,2,food,food,0,0
13112,food,cake,teddy bear,crossclassified,,,10,7,3,food,home,0,0
18978,food,lettuce,burger,crossclassified,,,10,8,2,food,food,0,0
1622,food,sandwich,wiener,crossclassified,,,10,10,0,food,food,0,0
13108,food,bear,teddy bear,crossclassified,,,10,10,0,animals_plants,home,0,0
7955,food,pizza,quiche,crossclassified,,,10,8,2,food,food,0,0
13101,food,bear,toy,crossclassified,,,10,9,1,animals_plants,home,0,0
170,food,salad,carrot,crossclassified,,,10,10,0,food,food,0,0
3293,food,sandwich,vegetable,crossclassified,,,10,9,1,food,food,0,0
4137,food,breakfast,egg,crossclassified,,,10,6,4,food,food,0,0
6474,food,pizza,onion,crossclassified,,,10,10,0,food,food,0,0
5517,food,pizza,tomato sauce,crossclassified,,,10,10,0,food,food,0,0
8086,food,pasta,meal,crossclassified,,,10,7,3,food,food,0,0
9477,food,sandwich,paper,crossclassified,,,10,9,1,food,home,0,0
9655,food,plate,cookie,crossclassified,,,10,5,5,food,food,0,0
11358,food,pasta,broccoli,crossclassified,,,10,8,2,food,food,0,0
11962,food,salad,cheese,crossclassified,,,10,10,0,food,food,0,0
26901,food,plate,table,crossclassified,,,9,8,1,food,home,0,0
14588,food,meat,sauce,crossclassified,,,9,7,2,animals_plants,food,0,0
15716,food,pizza,meat,crossclassified,,,9,7,2,food,animals_plants,0,0
20210,food,toppings,burger,crossclassified,,,9,8,1,food,food,0,0
23474,food,bun,hoagie,crossclassified,,,9,7,2,food,food,0,0
24329,food,sauce,pasta,crossclassified,,,9,9,0,food,food,0,0
44661,food,cellphone,blackberry,crossclassified,,,9,9,0,people,food,0,0
32282,food,rice,broccoli,crossclassified,,,9,9,0,food,food,0,0
32845,food,bowl,broccoli,crossclassified,,,9,5,4,home,food,0,0
33624,food,cake,house,crossclassified,,,9,9,0,food,buildings,0,0
34173,food,foil,food,crossclassified,,,9,8,1,food,food,0,0
44658,food,phone,blackberry,crossclassified,,,9,9,0,people,food,0,0
13093,food,cupcake,bear,crossclassified,,,9,9,0,food,animals_plants,0,0
13105,food,bear,food,crossclassified,,,9,7,2,animals_plants,food,0,0
17160,food,donut,snakes,crossclassified,,,9,9,0,food,food,0,0
12841,food,plate,fork,crossclassified,,,9,7,2,food,home,0,0
5818,food,banana,bread,crossclassified,,,9,7,2,home,food,0,0
12542,food,pancakes,sandwich,crossclassified,,,9,9,0,food,food,0,0
2154,food,cake,fork,crossclassified,,,9,8,1,food,home,0,0
2828,food,pastry,plate,crossclassified,,,9,7,2,food,food,0,0
4889,food,plate,lunch,crossclassified,,,9,8,1,food,food,0,0
5062,food,food,arugula,crossclassified,,,9,9,0,food,food,0,0
3914,food,bowl,vegetable,crossclassified,,,9,6,3,home,food,0,0
5819,food,bread,pie,crossclassified,,,9,6,3,food,food,0,0
6903,food,food,box,crossclassified,,,9,7,2,food,home,0,0
7197,food,bread,sandwiches,crossclassified,,,9,7,2,food,food,0,0
7876,food,burger,meal,crossclassified,,,9,8,1,food,food,0,0
9570,food,bread,fruit,crossclassified,,,9,8,1,food,home,0,0
11466,food,sandwich,egg,crossclassified,,,9,9,0,food,food,0,0
32504,food,burrito,plate,crossclassified,,,8,4,4,food,food,0,0
20393,food,pancake,sandwich,crossclassified,,,8,6,2,food,food,0,0
22192,food,burger,spinach,crossclassified,,,8,6,2,food,food,0,0
24690,food,cake,snack,crossclassified,,,8,6,2,food,food,0,0
28061,food,pastry,chocolate,crossclassified,,,8,6,2,food,food,0,0
28579,food,sandwich,bowl,crossclassified,,,8,7,1,food,home,0,0
30343,food,bowl,cake,crossclassified,,,8,7,1,home,food,0,0
30681,food,sidecar,motorcycle,crossclassified,,,8,8,0,food,vehicles,0,0
31197,food,ketchup,bun,crossclassified,,,8,7,1,food,food,0,0
67442,food,man,baseball player,crossclassified,,,8,8,0,people,people,0,0
33120,food,plate,burrito,crossclassified,,,8,4,4,food,food,0,0
36309,food,food,barer,crossclassified,,,8,8,0,food,food,0,0
39019,food,burrito,tortilla,crossclassified,,,8,5,3,food,food,0,0
39021,food,tortilla,plate,crossclassified,,,8,8,0,food,food,0,0
48185,food,cookie,bear,crossclassified,,,8,8,0,food,animals_plants,0,0
49219,food,sauce,caramel,crossclassified,,,8,8,0,food,food,0,0
67443,food,man,batter,crossclassified,,,8,8,0,people,people,0,0
74539,food,omelette,plate,crossclassified,,,8,6,2,food,food,0,0
16481,food,bread,wrap,crossclassified,,,8,6,2,food,clothing,0,0
18417,food,sandwich,bacon,crossclassified,,,8,6,2,food,food,0,0
22433,food,vegetables,bowl,crossclassified,,,8,6,2,food,home,0,0
15495,food,salad,veg,crossclassified,,,8,7,1,food,food,0,0
8721,food,pizza,olive,crossclassified,,,8,8,0,food,food,0,0
15362,food,pastry,cupcake,crossclassified,,,8,4,4,food,food,0,0
2739,food,glass,liquid,crossclassified,,,8,8,0,home,food,0,0
2853,food,cake,candle,crossclassified,,,8,8,0,food,home,0,0
4191,food,cupcake,pastry,crossclassified,,,8,4,4,food,food,0,0
7031,food,bread,meal,crossclassified,,,8,6,2,food,food,0,0
7909,food,burger,snack,crossclassified,,,8,7,1,food,food,0,0
8480,food,food,frosting,crossclassified,,,8,6,2,food,food,0,0
8488,food,cake,cream,crossclassified,,,8,8,0,food,food,0,0
5537,food,food,plat,crossclassified,,,8,6,2,food,home,0,0
10836,food,vegetable,leaf,crossclassified,,,8,8,0,food,animals_plants,0,0
11620,food,broccoli,dish,crossclassified,,,8,8,0,food,home,0,0
11623,food,broccoli,pizza,crossclassified,,,8,5,3,food,food,0,0
12621,food,donut,chocolate,crossclassified,,,8,8,0,food,food,0,0
13463,food,sandwich,pita,crossclassified,,,8,7,1,food,food,0,0
14740,food,bread,sausage,crossclassified,,,8,6,2,food,food,0,0
1353,food,pizza,vegetables,crossclassified,,,8,5,3,food,food,0,0
14791,food,sandwich,eggs,crossclassified,,,8,8,0,food,food,0,0
11221,food,cake,cat,crossclassified,,,8,8,0,food,animals_plants,0,0
22194,food,sandwich,spinach,crossclassified,,,7,6,1,food,food,0,0
26471,food,container,food,crossclassified,,,7,4,3,home,food,0,0
26464,food,basket,food,crossclassified,,,7,7,0,home,food,0,0
24325,food,pizza,lasagna,crossclassified,,,7,7,0,food,food,0,0
23996,food,cheese,broccoli,crossclassified,,,7,5,2,food,food,0,0
22474,food,hotdog,hand,crossclassified,,,7,7,0,food,people,0,0
18582,food,hotdog,condiment,crossclassified,,,7,6,1,food,food,0,0
22189,food,burger,vegetable,crossclassified,,,7,4,3,food,food,0,0
20209,food,bun,toppings,crossclassified,,,7,4,3,food,food,0,0
19591,food,mustard,burger,crossclassified,,,7,5,2,food,food,0,0
18433,food,hotdog,condiments,crossclassified,,,7,7,0,food,food,0,0
28577,food,bread,bowl,crossclassified,,,7,6,1,food,home,0,0
27625,food,cake,truck,crossclassified,,,7,7,0,food,vehicles,0,0
69053,food,cup,beer,crossclassified,,,7,5,2,home,food,0,0
31134,food,quesadilla,plate,crossclassified,,,7,4,3,food,food,0,0
32500,food,pizza,spinach,crossclassified,,,7,7,0,food,food,0,0
32768,food,plate,sandwiches,crossclassified,,,7,6,1,food,food,0,0
37987,food,sauce,dish,crossclassified,,,7,7,0,food,home,0,0
43694,food,phone,mobile,crossclassified,,,7,7,0,people,people,0,0
43697,food,cellphone,mobile,crossclassified,,,7,7,0,people,people,0,0
51638,food,dessert,donuts,crossclassified,,,7,7,0,food,food,0,0
68247,food,pancake,toast,crossclassified,,,7,7,0,food,food,0,0
68267,food,truck,wheel,crossclassified,,,7,7,0,vehicles,vehicles,0,0
15428,food,soup,vegetables,crossclassified,,,7,7,0,food,food,0,0
73770,food,pizza,clock,crossclassified,,,7,7,0,food,buildings,0,0
76119,food,clock,cake,crossclassified,,,7,7,0,buildings,food,0,0
18426,food,sandwich,toppings,crossclassified,,,7,4,3,food,food,0,0
20025,food,bread,toppings,crossclassified,,,7,5,2,food,food,0,0
14792,food,sandwich,eggs benedict,crossclassified,,,7,7,0,food,food,0,0
6831,food,pizza,paper,crossclassified,,,7,7,0,food,home,0,0
14310,food,dessert,burger,crossclassified,,,7,7,0,food,food,0,0
1660,food,vegetable,fruit,crossclassified,,,7,4,3,food,home,0,0
2303,food,stew,meat,crossclassified,,,7,7,0,food,animals_plants,0,0
2451,food,cake,piece of cake,crossclassified,,,7,7,0,food,food,0,0
2743,food,glass,beverage,crossclassified,,,7,7,0,home,home,0,0
2830,food,pastry,biscuit,crossclassified,,,7,4,3,food,food,0,0
4107,food,cake,spoon,crossclassified,,,7,4,3,food,home,0,0
4188,food,donut,cupcake,crossclassified,,,7,4,3,food,food,0,0
4944,food,sub,plate,crossclassified,,,7,4,3,food,food,0,0
5060,food,salad,arugula,crossclassified,,,7,7,0,food,food,0,0
5524,food,dough,crust,crossclassified,,,7,4,3,food,food,0,0
5803,food,sandwich,pie,crossclassified,,,7,6,1,food,food,0,0
4855,food,hotdog,sauerkraut,crossclassified,,,7,5,2,food,food,0,0
7557,food,fruit salad,fruit,crossclassified,,,7,4,3,food,home,0,0
12706,food,donut,eclair,crossclassified,,,7,7,0,food,food,0,0
7559,food,vegetables,meal,crossclassified,,,7,4,3,food,food,0,0
13580,food,plate,pita,crossclassified,,,7,4,3,food,food,0,0
13258,food,pizza,egg,crossclassified,,,7,5,2,food,food,0,0
13121,food,doll,food,crossclassified,,,7,5,2,home,food,0,0
12712,food,bread,slice,crossclassified,,,7,4,3,food,food,0,0
13645,food,soup,noodles,crossclassified,,,7,7,0,food,home,0,0
12705,food,donut,pizza,crossclassified,,,7,7,0,food,food,0,0
11451,food,bread,snack,crossclassified,,,7,6,1,food,food,0,0
10251,food,toast,cheese,crossclassified,,,7,7,0,food,food,0,0
8953,food,cookie,sandwich,crossclassified,,,7,5,2,food,food,0,0
26462,food,sandwich,basket,crossclassified,,,6,6,0,food,home,0,0
31195,food,ketchup,sandwich,crossclassified,,,6,5,1,food,food,0,0
30679,food,sidecar,bike,crossclassified,,,6,6,0,food,vehicles,0,0
28433,food,pizza,breakfast,crossclassified,,,6,4,2,food,food,0,0
27727,food,chicken,sauce,crossclassified,,,6,4,2,animals_plants,food,0,0
27724,food,sauce,dessert,crossclassified,,,6,5,1,food,food,0,0
24582,food,toppings,olive,crossclassified,,,6,6,0,food,food,0,0
25761,food,rice,bear,crossclassified,,,6,6,0,food,animals_plants,0,0
34217,food,bowl,fruit,crossclassified,,,6,5,1,home,home,0,0
22745,food,salsa,pizza,crossclassified,,,6,6,0,food,food,0,0
22476,food,food,hand,crossclassified,,,6,5,1,food,people,0,0
21924,food,pancake,banana,crossclassified,,,6,6,0,food,home,0,0
21394,food,vegetables,leaf,crossclassified,,,6,6,0,food,animals_plants,0,0
32440,food,bowl,cheese,crossclassified,,,6,4,2,home,food,0,0
74542,food,plate,omelet,crossclassified,,,6,6,0,food,food,0,0
34518,food,vegetable,apple,crossclassified,,,6,5,1,food,food,0,0
34892,food,bowl,meal,crossclassified,,,6,5,1,home,food,0,0
35397,food,plate,topping,crossclassified,,,6,4,2,food,food,0,0
35677,food,pepperoni,plate,crossclassified,,,6,4,2,food,food,0,0
39014,food,taco,tortilla,crossclassified,,,6,6,0,food,food,0,0
40513,food,cake,topping,crossclassified,,,6,6,0,food,food,0,0
41840,food,rice,cheese,crossclassified,,,6,5,1,food,food,0,0
42123,food,beef,plate,crossclassified,,,6,3,3,animals_plants,food,0,0
45009,food,plate,ham,crossclassified,,,6,5,1,food,food,0,0
53061,food,plate,beef,crossclassified,,,6,3,3,food,animals_plants,0,0
70694,food,burrito,bread,crossclassified,,,6,5,1,food,food,0,0
74205,food,tea,glass,crossclassified,,,6,6,0,food,home,0,0
18242,food,vegetables,dish,crossclassified,,,6,6,0,food,home,0,0
18589,food,ketchup,burger,crossclassified,,,6,5,1,food,food,0,0
8487,food,cake,ice cream,crossclassified,,,6,5,1,food,food,0,0
17360,food,cake,sprinkles,crossclassified,,,6,6,0,food,food,0,0
8329,food,rice,chicken,crossclassified,,,6,5,1,food,animals_plants,0,0
844,food,salad,spinach,crossclassified,,,6,6,0,food,food,0,0
17351,food,wrapper,cake,crossclassified,,,6,6,0,food,food,0,0
2305,food,stew,bowl,crossclassified,,,6,4,2,food,home,0,0
2816,food,sandwich,biscuit,crossclassified,,,6,6,0,food,food,0,0
3369,food,sandwich,ham,crossclassified,,,6,6,0,food,food,0,0
3533,food,soup,meal,crossclassified,,,6,6,0,food,food,0,0
3941,food,toppings,tomato,crossclassified,,,6,5,1,food,food,0,0
4704,food,pizza,veg,crossclassified,,,6,6,0,food,food,0,0
6133,food,pizza,pastry,crossclassified,,,6,5,1,food,food,0,0
6646,food,bread,sauerkraut,crossclassified,,,6,6,0,food,food,0,0
7025,food,food,wooden,crossclassified,,,6,6,0,food,home,0,0
7195,food,cake,sandwiches,crossclassified,,,6,5,1,food,food,0,0
7779,food,sandwich,fries,crossclassified,,,6,6,0,food,food,0,0
2959,food,sandwich,dinner,crossclassified,,,6,5,1,food,home,0,0
8470,food,cupcake,icing,crossclassified,,,6,6,0,food,food,0,0
11353,food,bread,pasta,crossclassified,,,6,6,0,food,food,0,0
8479,food,food,icing,crossclassified,,,6,5,1,food,food,0,0
16973,food,egg,yolk,crossclassified,,,6,5,1,food,food,0,0
14759,food,pastry,roll,crossclassified,,,6,5,1,food,food,0,0
13488,food,sandwich,taco,crossclassified,,,6,6,0,food,food,0,0
11452,food,plate,fries,crossclassified,,,6,6,0,food,food,0,0
14190,food,plate,stew,crossclassified,,,6,4,2,food,food,0,0
10832,food,lettuce,leaf,crossclassified,,,6,5,1,food,animals_plants,0,0
10658,food,patty,chicken,crossclassified,,,6,5,1,food,animals_plants,0,0
10554,food,plate,noodles,crossclassified,,,6,4,2,food,home,0,0
8724,food,cheese,olive,crossclassified,,,6,6,0,food,food,0,0
30707,food,motorcycle,wheel,crossclassified,,,5,3,2,vehicles,vehicles,0,0
30686,food,sidecar,wheel,crossclassified,,,5,5,0,food,vehicles,0,0
30336,food,pie,bowl,crossclassified,,,5,5,0,food,home,0,0
29014,food,box,cat,crossclassified,,,5,5,0,home,animals_plants,0,0
28950,food,relish,hotdog,crossclassified,,,5,4,1,food,food,0,0
31687,food,sauce,syrup,crossclassified,,,5,5,0,food,food,0,0
28300,food,pasta,bowl,crossclassified,,,5,3,2,food,home,0,0
27238,food,cereal,bowl,crossclassified,,,5,3,2,food,home,0,0
25799,food,sandwich,fish,crossclassified,,,5,5,0,food,animals_plants,0,0
25773,food,food,teddy bear,crossclassified,,,5,3,2,food,home,0,0
23335,food,cake,eclair,crossclassified,,,5,3,2,food,food,0,0
25762,food,rice,teddy bear,crossclassified,,,5,5,0,food,home,0,0
24684,food,donut,snack,crossclassified,,,5,4,1,food,food,0,0
24489,food,salad,table,crossclassified,,,5,5,0,food,home,0,0
24292,food,chocolate,dessert,crossclassified,,,5,3,2,food,food,0,0
22562,food,bun,sweet,crossclassified,,,5,4,1,food,food,0,0
22475,food,sandwich,hand,crossclassified,,,5,5,0,food,people,0,0
22436,food,vegetables,tray,crossclassified,,,5,5,0,food,home,0,0
22432,food,vegetable,tray,crossclassified,,,5,5,0,food,home,0,0
22001,food,sandwich,vegetables,crossclassified,,,5,3,2,food,food,0,0
33210,food,plate,eggs benedict,crossclassified,,,5,5,0,food,food,0,0
21570,food,can,drink,crossclassified,,,5,5,0,home,home,0,0
32435,food,plate,cucumber,crossclassified,,,5,5,0,food,food,0,0
48415,food,cereal,soup,crossclassified,,,5,4,1,food,food,0,0
33510,food,plate,spaghetti,crossclassified,,,5,5,0,food,food,0,0
49032,food,salad,snakes,crossclassified,,,5,5,0,food,food,0,0
20735,food,rice,salad,crossclassified,,,5,3,2,food,food,0,0
80841,food,salad,shrimp,crossclassified,,,5,5,0,food,food,0,0
78270,food,glass,phone,crossclassified,,,5,5,0,home,people,0,0
77240,food,cellphone,cell phone,crossclassified,,,5,5,0,people,people,0,0
77239,food,phone,cell phone,crossclassified,,,5,5,0,people,people,0,0
70695,food,tortilla,wrap,crossclassified,,,5,5,0,food,clothing,0,0
68044,food,cake,quiche,crossclassified,,,5,5,0,food,food,0,0
52149,food,cake,hamburger,crossclassified,,,5,4,1,food,food,0,0
49075,food,granola,desert,crossclassified,,,5,5,0,food,food,0,0
49063,food,cookie,granola,crossclassified,,,5,5,0,food,food,0,0
48186,food,cookie,doll,crossclassified,,,5,5,0,food,home,0,0
33718,food,plate,quiche,crossclassified,,,5,3,2,food,food,0,0
47827,food,dessert,snacks,crossclassified,,,5,5,0,food,food,0,0
47441,food,pie,snakes,crossclassified,,,5,5,0,food,food,0,0
46558,food,bread,table,crossclassified,,,5,5,0,food,home,0,0
42975,food,sauce,carrot,crossclassified,,,5,5,0,food,food,0,0
42130,food,beef,dinner,crossclassified,,,5,3,2,animals_plants,home,0,0
38004,food,cheese,dish,crossclassified,,,5,3,2,food,home,0,0
37619,food,hotdog,snack,crossclassified,,,5,4,1,food,food,0,0
35328,food,dessert,cheese,crossclassified,,,5,4,1,food,food,0,0
35296,food,bagel,cheese,crossclassified,,,5,4,1,food,food,0,0
34515,food,lettuce,apple,crossclassified,,,5,5,0,food,food,0,0
20849,food,chili,chili dog,crossclassified,,,5,4,1,food,food,0,0
11619,food,broccoli,dinner,crossclassified,,,5,5,0,food,home,0,0
20643,food,bun,wiener,crossclassified,,,5,5,0,food,food,0,0
8328,food,rice,dish,crossclassified,,,5,5,0,food,home,0,0
6906,food,cheese,box,crossclassified,,,5,3,2,food,home,0,0
6643,food,bun,sauerkraut,crossclassified,,,5,5,0,food,food,0,0
6642,food,topping,hotdog,crossclassified,,,5,3,2,food,food,0,0
6625,food,food,liquid,crossclassified,,,5,5,0,food,food,0,0
5911,food,beer,wine,crossclassified,,,5,5,0,food,home,0,0
5520,food,pizza,plat,crossclassified,,,5,5,0,food,home,0,0
5128,food,hotdog,meal,crossclassified,,,5,3,2,food,food,0,0
4867,food,plate,potato,crossclassified,,,5,5,0,food,food,0,0
4314,food,cupcake,desert,crossclassified,,,5,5,0,food,food,0,0
3943,food,cheese,tomato,crossclassified,,,5,3,2,food,food,0,0
3889,food,cup,coffee,crossclassified,,,5,5,0,home,home,0,0
3884,food,mug,coffee cup,crossclassified,,,5,5,0,home,home,0,0
3719,food,sandwich,table,crossclassified,,,5,5,0,food,home,0,0
3273,food,plate,roll,crossclassified,,,5,4,1,food,food,0,0
3170,food,sandwich,muffin,crossclassified,,,5,5,0,food,food,0,0
2465,food,food,piece of cake,crossclassified,,,5,5,0,food,food,0,0
2457,food,cheesecake,dessert,crossclassified,,,5,3,2,food,food,0,0
1658,food,vegetables,fruit,crossclassified,,,5,4,1,food,home,0,0
833,food,lettuce,broccoli,crossclassified,,,5,5,0,food,food,0,0
832,food,lettuce,spinach,crossclassified,,,5,5,0,food,food,0,0
171,food,salad,veggies,crossclassified,,,5,5,0,food,home,0,0
8033,food,cucumber,zucchini,crossclassified,,,5,5,0,food,food,0,0
4138,food,egg,cake,crossclassified,,,5,4,1,food,food,0,0
8491,food,cake,flower,crossclassified,,,5,5,0,food,animals_plants,0,0
12626,food,food,nut,crossclassified,,,5,5,0,food,food,0,0
9385,food,plate,flatbread,crossclassified,,,5,4,1,food,food,0,0
17784,food,cereal,banana,crossclassified,,,5,5,0,food,home,0,0
16482,food,burrito,wrap,crossclassified,,,5,4,1,food,clothing,0,0
15754,food,pizza,glass,crossclassified,,,5,5,0,food,home,0,0
15494,food,salad,cucumber,crossclassified,,,5,5,0,food,food,0,0
14585,food,sauce,bun,crossclassified,,,5,4,1,food,food,0,0
14187,food,vegetables,stew,crossclassified,,,5,4,1,food,food,0,0
13343,food,food,ban,crossclassified,,,5,5,0,food,food,0,0
13115,food,toy,food,crossclassified,,,5,3,2,home,food,0,0
12720,food,sandwich,slice,crossclassified,,,5,4,1,food,food,0,0
18416,food,bacon,hotdog,crossclassified,,,5,3,2,food,food,0,0
12544,food,pancakes,bread,crossclassified,,,5,4,1,food,food,0,0
10661,food,patty,meat,crossclassified,,,5,4,1,food,animals_plants,0,0
9631,food,plate,hamburger,crossclassified,,,5,4,1,food,food,0,0
10313,food,hotdog,onion,crossclassified,,,5,5,0,food,food,0,0
10379,food,pizza,bird,crossclassified,,,5,5,0,food,animals_plants,0,0
10659,food,patty,sandwich,crossclassified,,,5,5,0,food,food,0,0
20021,food,cheese,quesadilla,crossclassified,,,5,4,1,food,food,0,0
11361,food,broccoli,meat,crossclassified,,,5,3,2,food,animals_plants,0,0
12349,food,hotdog,coleslaw,crossclassified,,,5,5,0,food,food,0,0
12352,food,cheese,coleslaw,crossclassified,,,5,4,1,food,food,0,0
12153,food,plate,onion,crossclassified,,,5,5,0,food,food,0,0
32414,food,hotdog,vegetable,crossclassified,,,4,4,0,food,food,0,0
31196,food,ketchup,bread,crossclassified,,,4,4,0,food,food,0,0
31200,food,sandwich,condiment,crossclassified,,,4,4,0,food,food,0,0
31202,food,condiment,bread,crossclassified,,,4,3,1,food,food,0,0
31230,food,donut,cheese,crossclassified,,,4,4,0,food,food,0,0
31234,food,pastry,cheese,crossclassified,,,4,3,1,food,food,0,0
31311,food,cheese,table,crossclassified,,,4,2,2,food,home,0,0
31451,food,apple,donut,crossclassified,,,4,2,2,food,food,0,0
31563,food,salad,onion,crossclassified,,,4,4,0,food,food,0,0
31688,food,sauce,drizzle,crossclassified,,,4,4,0,food,food,0,0
31702,food,drizzle,syrup,crossclassified,,,4,3,1,food,food,0,0
32846,food,broccoli,cucumber,crossclassified,,,4,4,0,food,food,0,0
32430,food,plate,pickle,crossclassified,,,4,2,2,food,food,0,0
33119,food,burrito,sauce,crossclassified,,,4,4,0,food,food,0,0
33216,food,eggs benedict,egg,crossclassified,,,4,3,1,food,food,0,0
31130,food,quesadilla,bread,crossclassified,,,4,2,2,food,food,0,0
33779,food,liquid,soup,crossclassified,,,4,2,2,food,food,0,0
34074,food,cereal,fruit,crossclassified,,,4,2,2,food,home,0,0
34221,food,pizza,ham,crossclassified,,,4,4,0,food,food,0,0
34792,food,chili,sauce,crossclassified,,,4,2,2,food,food,0,0
34885,food,fries,pasta,crossclassified,,,4,3,1,food,food,0,0
34889,food,cheese,meal,crossclassified,,,4,3,1,food,food,0,0
33756,food,hotdog,fries,crossclassified,,,4,4,0,food,food,0,0
22563,food,sweet,snacks,crossclassified,,,4,2,2,food,food,0,0
31129,food,rice,pizza,crossclassified,,,4,2,2,food,food,0,0
26697,food,juice,orange juice,crossclassified,,,4,4,0,home,food,0,0
36003,food,soup,dessert,crossclassified,,,4,4,0,food,food,0,0
23323,food,cake,slice,crossclassified,,,4,3,1,food,food,0,0
24328,food,sauce,lasagna,crossclassified,,,4,4,0,food,food,0,0
24679,food,sweet,bagel,crossclassified,,,4,2,2,food,food,0,0
24682,food,snack,sweet,crossclassified,,,4,3,1,food,food,0,0
25640,food,snack,slice,crossclassified,,,4,3,1,food,food,0,0
25898,food,pizza,leaf,crossclassified,,,4,4,0,food,animals_plants,0,0
26011,food,sandwich,fruit,crossclassified,,,4,3,1,food,home,0,0
26091,food,cheese,tomato sauce,crossclassified,,,4,4,0,food,food,0,0
26166,food,plate,hoagie,crossclassified,,,4,4,0,food,food,0,0
27234,food,pizza,rice,crossclassified,,,4,2,2,food,food,0,0
31127,food,pizza,chicken,crossclassified,,,4,4,0,food,animals_plants,0,0
27677,food,bread,appetizer,crossclassified,,,4,2,2,food,food,0,0
27728,food,sauce,cream,crossclassified,,,4,4,0,food,food,0,0
27887,food,salad,snacks,crossclassified,,,4,4,0,food,food,0,0
27888,food,lettuce,snacks,crossclassified,,,4,4,0,food,food,0,0
28389,food,wiener,burger,crossclassified,,,4,2,2,food,food,0,0
29093,food,sandwich,topping,crossclassified,,,4,2,2,food,food,0,0
29231,food,hamburger,cheese,crossclassified,,,4,3,1,food,food,0,0
29323,food,burger,wiener,crossclassified,,,4,2,2,food,food,0,0
30104,food,toast,burger,crossclassified,,,4,3,1,food,food,0,0
30554,food,sauce,chili,crossclassified,,,4,2,2,food,food,0,0
35436,food,soup,cheese,crossclassified,,,4,4,0,food,food,0,0
45853,food,pastry,bagel,crossclassified,,,4,2,2,food,food,0,0
36087,food,spoon,sandwich,crossclassified,,,4,2,2,home,food,0,0
47618,food,food,veritable,crossclassified,,,4,4,0,food,home,0,0
48980,food,snack,bun,crossclassified,,,4,2,2,food,food,0,0
48981,food,bagel,sweet,crossclassified,,,4,2,2,food,food,0,0
49077,food,salad,granola,crossclassified,,,4,3,1,food,food,0,0
49090,food,salad,desert,crossclassified,,,4,3,1,food,food,0,0
50170,food,cereal,salad,crossclassified,,,4,4,0,food,food,0,0
50754,food,donuts,snacks,crossclassified,,,4,4,0,food,food,0,0
67138,food,sausage,sauerkraut,crossclassified,,,4,4,0,food,food,0,0
68074,food,pie,cookie,crossclassified,,,4,3,1,food,food,0,0
68261,food,cake,wheel,crossclassified,,,4,4,0,food,vehicles,0,0
68334,food,toast,chicken,crossclassified,,,4,2,2,food,animals_plants,0,0
68599,food,cake,hat,crossclassified,,,4,4,0,food,clothing,0,0
69329,food,arugula,greens,crossclassified,,,4,4,0,food,food,0,0
72937,food,sauce,beef,crossclassified,,,4,2,2,food,animals_plants,0,0
73153,food,wheel,fire truck,crossclassified,,,4,4,0,vehicles,vehicles,0,0
74056,food,cupcake,plate,crossclassified,,,4,4,0,food,food,0,0
74206,food,tea,cup,crossclassified,,,4,4,0,food,home,0,0
74548,food,burrito,egg,crossclassified,,,4,2,2,food,food,0,0
77846,food,side car,motorcycle,crossclassified,,,4,4,0,food,vehicles,0,0
78271,food,glass,cellphone,crossclassified,,,4,4,0,home,people,0,0
79216,food,pickle,plate,crossclassified,,,4,2,2,food,food,0,0
22477,food,bun,hand,crossclassified,,,4,3,1,food,people,0,0
47897,food,bun,snack,crossclassified,,,4,2,2,food,food,0,0
47616,food,salad,veritable,crossclassified,,,4,4,0,food,home,0,0
36306,food,sandwich,barer,crossclassified,,,4,4,0,food,food,0,0
46296,food,bean,tray,crossclassified,,,4,4,0,food,home,0,0
36315,food,plate,wrap,crossclassified,,,4,3,1,food,clothing,0,0
36316,food,pizza,barer,crossclassified,,,4,4,0,food,food,0,0
36605,food,cheese,carrot,crossclassified,,,4,4,0,food,food,0,0
36733,food,glass,juice,crossclassified,,,4,4,0,home,home,0,0
36737,food,drink,juice,crossclassified,,,4,4,0,home,home,0,0
38785,food,frosting,dessert,crossclassified,,,4,2,2,food,food,0,0
38830,food,rice,meat,crossclassified,,,4,3,1,food,animals_plants,0,0
39024,food,egg,burrito,crossclassified,,,4,2,2,food,food,0,0
39027,food,omelette,egg,crossclassified,,,4,3,1,food,food,0,0
39089,food,hotdog,banana,crossclassified,,,4,4,0,food,home,0,0
39201,food,cake,box,crossclassified,,,4,3,1,food,home,0,0
40978,food,snacks,sweet,crossclassified,,,4,2,2,food,food,0,0
41592,food,potato,toast,crossclassified,,,4,2,2,food,food,0,0
42976,food,carrot,gravy,crossclassified,,,4,4,0,food,food,0,0
43021,food,table,cheese,crossclassified,,,4,2,2,home,food,0,0
43956,food,sauce,eggs benedict,crossclassified,,,4,2,2,food,food,0,0
43958,food,burger,eggs benedict,crossclassified,,,4,2,2,food,food,0,0
44532,food,food,stir fry,crossclassified,,,4,4,0,food,home,0,0
44777,food,beef,sauce,crossclassified,,,4,2,2,animals_plants,food,0,0
44946,food,sandwich,spoon,crossclassified,,,4,2,2,food,home,0,0
45011,food,bread,ham,crossclassified,,,4,4,0,food,food,0,0
22559,food,bread,sweet,crossclassified,,,4,4,0,food,food,0,0
32764,food,chicken,toast,crossclassified,,,4,2,2,animals_plants,food,0,0
22412,food,salad,toppings,crossclassified,,,4,3,1,food,food,0,0
8513,food,dessert,cream,crossclassified,,,4,4,0,food,food,0,0
7781,food,bread,fries,crossclassified,,,4,4,0,food,food,0,0
7883,food,hamburger,meal,crossclassified,,,4,4,0,food,food,0,0
8046,food,fruit,produce,crossclassified,,,4,2,2,home,home,0,0
8085,food,dinner,dish,crossclassified,,,4,4,0,home,home,0,0
8320,food,meal,rice,crossclassified,,,4,3,1,food,food,0,0
8321,food,chicken,meal,crossclassified,,,4,3,1,animals_plants,food,0,0
8472,food,cupcake,ice cream,crossclassified,,,4,4,0,food,food,0,0
8474,food,cupcake,cream,crossclassified,,,4,4,0,food,food,0,0
8484,food,food,flower,crossclassified,,,4,4,0,food,animals_plants,0,0
8501,food,dessert,frosting,crossclassified,,,4,2,2,food,food,0,0
9586,food,produce,fruit,crossclassified,,,4,2,2,home,home,0,0
12370,food,plate,paper,crossclassified,,,4,3,1,food,home,0,0
9628,food,sandwich,knife,crossclassified,,,4,3,1,food,home,0,0
10233,food,toast,potato,crossclassified,,,4,2,2,food,food,0,0
10323,food,plate,knife,crossclassified,,,4,3,1,food,home,0,0
10552,food,salad,noodles,crossclassified,,,4,3,1,food,home,0,0
10556,food,plate,pasta salad,crossclassified,,,4,4,0,food,food,0,0
10660,food,patty,bread,crossclassified,,,4,4,0,food,food,0,0
10841,food,cabbage,leaf,crossclassified,,,4,4,0,food,animals_plants,0,0
11356,food,bread,vegetable,crossclassified,,,4,4,0,food,food,0,0
11645,food,pizza,entree,crossclassified,,,4,3,1,food,food,0,0
11724,food,pizza,mushroom,crossclassified,,,4,4,0,food,food,0,0
7030,food,bread,wooden,crossclassified,,,4,4,0,food,home,0,0
6652,food,topping,sandwich,crossclassified,,,4,2,2,food,food,0,0
6648,food,sauerkraut,sandwich,crossclassified,,,4,4,0,food,food,0,0
6629,food,soup,liquid,crossclassified,,,4,2,2,food,food,0,0
22187,food,food,burglar,crossclassified,,,4,4,0,food,food,0,0
927,food,pasta salad,broccoli,crossclassified,,,4,4,0,food,food,0,0
1359,food,cheese,vegetables,crossclassified,,,4,3,1,food,food,0,0
2740,food,glass,liquor,crossclassified,,,4,4,0,home,food,0,0
2741,food,glass,alcohol,crossclassified,,,4,4,0,home,food,0,0
2820,food,bread,paganini,crossclassified,,,4,2,2,food,food,0,0
2962,food,meat,cake,crossclassified,,,4,3,1,animals_plants,food,0,0
2965,food,cake,dinner,crossclassified,,,4,3,1,food,home,0,0
3173,food,toast,dish,crossclassified,,,4,4,0,food,home,0,0
3294,food,sandwich,carrot,crossclassified,,,4,4,0,food,food,0,0
3486,food,hotdog,lunch,crossclassified,,,4,4,0,food,food,0,0
3490,food,burger,lunch,crossclassified,,,4,3,1,food,food,0,0
3534,food,soup,cup,crossclassified,,,4,4,0,food,home,0,0
3718,food,apple,orange,crossclassified,,,4,4,0,food,home,0,0
3887,food,cup,coffee mug,crossclassified,,,4,4,0,home,home,0,0
4318,food,donut,desert,crossclassified,,,4,2,2,food,food,0,0
4840,food,ketchup,rice,crossclassified,,,4,4,0,food,food,0,0
5527,food,dough,sauce,crossclassified,,,4,3,1,food,food,0,0
5638,food,burger,tissue paper,crossclassified,,,4,3,1,food,food,0,0
6018,food,appetizer,bread,crossclassified,,,4,2,2,food,food,0,0
6620,food,gravy,soup,crossclassified,,,4,3,1,food,food,0,0
12369,food,bread,paper,crossclassified,,,4,4,0,food,home,0,0
4158,food,cake,meal,crossclassified,,,4,3,1,food,food,0,0
12620,food,desert,donut,crossclassified,,,4,2,2,food,food,0,0
17353,food,wrapper,sprinkles,crossclassified,,,4,4,0,food,food,0,0
17420,food,pizza,vegetable,crossclassified,,,4,3,1,food,food,0,0
17531,food,toppings,cake,crossclassified,,,4,4,0,food,food,0,0
17785,food,fruit,cereal,crossclassified,,,4,2,2,home,food,0,0
18415,food,bacon,toppings,crossclassified,,,4,4,0,food,food,0,0
18429,food,toppings,condiments,crossclassified,,,4,4,0,food,food,0,0
18584,food,hotdog,catsup,crossclassified,,,4,4,0,food,food,0,0
18597,food,burger,condiment,crossclassified,,,4,3,1,food,food,0,0
18976,food,salad,leaf,crossclassified,,,4,4,0,food,animals_plants,0,0
19310,food,pizza,noodles,crossclassified,,,4,4,0,food,home,0,0
19479,food,soup,carrot,crossclassified,,,4,4,0,food,food,0,0
19963,food,bagel,pastry,crossclassified,,,4,2,2,food,food,0,0
20023,food,toppings,quesadilla,crossclassified,,,4,4,0,food,food,0,0
20744,food,chicken,dinner,crossclassified,,,4,4,0,animals_plants,home,0,0
20838,food,food,sloppy,crossclassified,,,4,4,0,food,food,0,0
20841,food,sandwich,sloppy,crossclassified,,,4,4,0,food,food,0,0
20843,food,cheese,chili dog,crossclassified,,,4,4,0,food,food,0,0
20852,food,burger,chili dog,crossclassified,,,4,3,1,food,food,0,0
20877,food,toppings,pasta,crossclassified,,,4,3,1,food,food,0,0
21498,food,topping,tomato,crossclassified,,,4,4,0,food,food,0,0
12624,food,plate,chocolate,crossclassified,,,4,3,1,food,food,0,0
21935,food,bun,banana,crossclassified,,,4,3,1,food,home,0,0
17361,food,cake,paper,crossclassified,,,4,3,1,food,home,0,0
20747,food,sandwich,steak,crossclassified,,,4,4,0,food,animals_plants,0,0
17143,food,food,cub,crossclassified,,,4,4,0,food,home,0,0
14802,food,eggs benedict,burger,crossclassified,,,4,2,2,food,food,0,0
12704,food,roll,donut,crossclassified,,,4,2,2,food,food,0,0
16974,food,egg,egg yolk,crossclassified,,,4,3,1,food,food,0,0
13104,food,bear,dessert,crossclassified,,,4,3,1,animals_plants,food,0,0
13341,food,sandwich,ban,crossclassified,,,4,4,0,food,food,0,0
13804,food,donut,roll,crossclassified,,,4,2,2,food,food,0,0
14194,food,sauce,dinner,crossclassified,,,4,4,0,food,home,0,0
14197,food,sauce,meal,crossclassified,,,4,4,0,food,food,0,0
14487,food,food,brochette,crossclassified,,,4,4,0,food,food,0,0
577,food,table,birthday cake,crossclassified,,,4,4,0,home,food,0,0
14490,food,sub,pizza,crossclassified,,,4,3,1,food,food,0,0
13813,food,donut,apple,crossclassified,,,4,2,2,food,food,0,0
14805,food,eggs benedict,sauce,crossclassified,,,4,2,2,food,food,0,0
15842,food,sandwich,filling,crossclassified,,,4,4,0,food,food,0,0
16716,food,bottle,champagne,crossclassified,,,4,4,0,home,food,0,0
16477,food,bread,quesadilla,crossclassified,,,4,2,2,food,food,0,0
14987,food,cheese,chicken,crossclassified,,,4,3,1,food,animals_plants,0,0
16474,food,quesadilla,wrap,crossclassified,,,4,4,0,food,clothing,0,0
15861,food,paganini,bread,crossclassified,,,4,2,2,food,food,0,0
12625,food,plate,sweet,crossclassified,,,4,4,0,food,food,0,0
15631,food,sandwich,veg,crossclassified,,,4,4,0,food,food,0,0
15429,food,soup,bread,crossclassified,,,4,4,0,food,food,0,0
36966,food,burger,tomato sauce,crossclassified,,,3,3,0,food,food,0,0
36597,food,toppings,meal,crossclassified,,,3,3,0,food,food,0,0
36419,food,plate,coleslaw,crossclassified,,,3,3,0,food,food,0,0
36319,food,pizza,wrap,crossclassified,,,3,3,0,food,clothing,0,0
36312,food,plate,barer,crossclassified,,,3,2,1,food,food,0,0
34898,food,toppings,broccoli,crossclassified,,,3,2,1,food,food,0,0
34888,food,cheese,fries,crossclassified,,,3,2,1,food,food,0,0
34806,food,toppings,chili,crossclassified,,,3,3,0,food,food,0,0
34065,food,spoon,fruit,crossclassified,,,3,2,1,home,home,0,0
33503,food,wine glasses,wine,crossclassified,,,3,3,0,home,home,0,0
33787,food,spoon,stew,crossclassified,,,3,3,0,home,food,0,0
33498,food,glasses,wine,crossclassified,,,3,3,0,people,home,0,0
33643,food,cheese,crust,crossclassified,,,3,2,1,food,food,0,0
33513,food,meal,noodles,crossclassified,,,3,2,1,food,home,0,0
33511,food,spaghetti,meal,crossclassified,,,3,3,0,food,food,0,0
33786,food,sauce,spoon,crossclassified,,,3,2,1,food,home,0,0
40662,food,bun,crust,crossclassified,,,3,2,1,food,food,0,0
37442,food,plate,cheese pizza,crossclassified,,,3,3,0,food,food,0,0
40679,food,croissant,snack,crossclassified,,,3,3,0,food,food,0,0
41605,food,bared,sandwich,crossclassified,,,3,2,1,food,food,0,0
33353,food,knife,pastry,crossclassified,,,3,3,0,home,food,0,0
41589,food,food,bared,crossclassified,,,3,3,0,food,food,0,0
41374,food,burger,catsup,crossclassified,,,3,3,0,food,food,0,0
41373,food,burger,condiments,crossclassified,,,3,3,0,food,food,0,0
40707,food,cheese,tissue paper,crossclassified,,,3,3,0,food,food,0,0
40048,food,vegetables,burger,crossclassified,,,3,3,0,food,food,0,0
38271,food,pizza,fries,crossclassified,,,3,3,0,food,food,0,0
40044,food,lettuce,pizza,crossclassified,,,3,3,0,food,food,0,0
39755,food,breakfast,pancake,crossclassified,,,3,3,0,food,food,0,0
39043,food,food,pot,crossclassified,,,3,3,0,food,home,0,0
39041,food,soup,pot,crossclassified,,,3,3,0,food,home,0,0
38829,food,meat,dinner,crossclassified,,,3,3,0,animals_plants,home,0,0
38479,food,dessert,muffin,crossclassified,,,3,3,0,food,food,0,0
33354,food,knife,chocolate,crossclassified,,,3,3,0,home,food,0,0
26092,food,cheese,snacks,crossclassified,,,3,3,0,food,food,0,0
32765,food,bowl,toast,crossclassified,,,3,2,1,home,food,0,0
24327,food,pizza,marinara,crossclassified,,,3,3,0,food,food,0,0
26102,food,sauce,snacks,crossclassified,,,3,3,0,food,food,0,0
26097,food,toppings,tomato sauce,crossclassified,,,3,3,0,food,food,0,0
25804,food,plate,fish,crossclassified,,,3,2,1,food,animals_plants,0,0
25763,food,rice,toy,crossclassified,,,3,3,0,food,home,0,0
25298,food,sub,cheese,crossclassified,,,3,3,0,food,food,0,0
24693,food,dessert,snack,crossclassified,,,3,3,0,food,food,0,0
24160,food,toppings,mushroom,crossclassified,,,3,3,0,food,food,0,0
26698,food,juice,carton,crossclassified,,,3,3,0,home,food,0,0
24075,food,burger,sloppy,crossclassified,,,3,3,0,food,food,0,0
23735,food,donut,cream,crossclassified,,,3,3,0,food,food,0,0
23596,food,sandwich,bulgur,crossclassified,,,3,3,0,food,food,0,0
23139,food,muffin,cookie,crossclassified,,,3,2,1,food,food,0,0
23137,food,bagel,cookie,crossclassified,,,3,3,0,food,food,0,0
41828,food,pizza,barrage,crossclassified,,,3,3,0,food,food,0,0
26494,food,noodles,broccoli,crossclassified,,,3,2,1,home,food,0,0
26707,food,orange juice,carton,crossclassified,,,3,3,0,food,food,0,0
32415,food,vegetable,bun,crossclassified,,,3,2,1,food,food,0,0
29644,food,plate,tissue paper,crossclassified,,,3,3,0,food,food,0,0
31764,food,green bean,plate,crossclassified,,,3,2,1,food,food,0,0
31382,food,cheese,snakes,crossclassified,,,3,3,0,food,food,0,0
30743,food,food,nuts,crossclassified,,,3,3,0,food,home,0,0
30515,food,cake,cereal,crossclassified,,,3,2,1,food,food,0,0
29952,food,bread,egg,crossclassified,,,3,3,0,food,food,0,0
29951,food,toast,egg,crossclassified,,,3,3,0,food,food,0,0
29599,food,bun,condiments,crossclassified,,,3,2,1,food,food,0,0
26826,food,pie,snacks,crossclassified,,,3,3,0,food,food,0,0
29591,food,relish,toppings,crossclassified,,,3,3,0,food,food,0,0
28944,food,pizza,relish,crossclassified,,,3,2,1,food,food,0,0
28347,food,bread,hand,crossclassified,,,3,3,0,food,people,0,0
28174,food,doughnuts,sweet,crossclassified,,,3,2,1,food,food,0,0
26914,food,food,cutting board,crossclassified,,,3,3,0,food,home,0,0
26878,food,pizza,cutting board,crossclassified,,,3,3,0,food,home,0,0
41798,food,knife,cheese,crossclassified,,,3,3,0,home,food,0,0
69979,food,dessert,brownie,crossclassified,,,3,3,0,food,food,0,0
41829,food,cheese,barrage,crossclassified,,,3,3,0,food,food,0,0
69330,food,arugula,toppings,crossclassified,,,3,3,0,food,food,0,0
71821,food,plate,spinach,crossclassified,,,3,3,0,food,food,0,0
71335,food,dessert,doughnuts,crossclassified,,,3,3,0,food,food,0,0
22975,food,vegetable,gourd,crossclassified,,,3,3,0,food,food,0,0
69683,food,guacamole,smoothie,crossclassified,,,3,3,0,food,home,0,0
69412,food,cup,juice,crossclassified,,,3,3,0,home,home,0,0
69332,food,pizza,arugula,crossclassified,,,3,2,1,food,food,0,0
68222,food,table,fruit,crossclassified,,,3,2,1,home,home,0,0
72620,food,cheese,cheese pizza,crossclassified,,,3,3,0,food,food,0,0
53064,food,cake,beef,crossclassified,,,3,2,1,food,animals_plants,0,0
53059,food,food,chinese,crossclassified,,,3,3,0,food,home,0,0
52210,food,hotdog,paper,crossclassified,,,3,3,0,food,home,0,0
50755,food,pastry,donuts,crossclassified,,,3,2,1,food,food,0,0
50262,food,bun,meal,crossclassified,,,3,3,0,food,food,0,0
50171,food,cereal,desert,crossclassified,,,3,3,0,food,food,0,0
72374,food,watermelon,apple,crossclassified,,,3,3,0,food,food,0,0
73146,food,truck,engine,crossclassified,,,3,3,0,vehicles,vehicles,0,0
41830,food,food,barrage,crossclassified,,,3,3,0,food,food,0,0
77414,food,oatmeal,cereal,crossclassified,,,3,3,0,food,food,0,0
80876,food,pita,crepe,crossclassified,,,3,3,0,food,food,0,0
80872,food,bread,crepe,crossclassified,,,3,3,0,food,food,0,0
80846,food,shrimp,plate,crossclassified,,,3,3,0,food,food,0,0
79467,food,sandwich,coke,crossclassified,,,3,3,0,food,food,0,0
78639,food,tomato,knife,crossclassified,,,3,3,0,food,home,0,0
78190,food,donut,kerchief,crossclassified,,,3,3,0,food,people,0,0
77241,food,cell phone,blackberry,crossclassified,,,3,3,0,people,food,0,0
73157,food,fire truck,engine,crossclassified,,,3,3,0,vehicles,vehicles,0,0
76777,food,steak,ham,crossclassified,,,3,3,0,animals_plants,food,0,0
75195,food,dessert,bowl,crossclassified,,,3,3,0,food,home,0,0
74543,food,omelet,egg,crossclassified,,,3,3,0,food,food,0,0
74048,food,cupcakes,plate,crossclassified,,,3,3,0,food,food,0,0
73996,food,sandwich,pickle,crossclassified,,,3,3,0,food,food,0,0
73956,food,steak,cake,crossclassified,,,3,2,1,animals_plants,food,0,0
49533,food,cake,dress,crossclassified,,,3,3,0,food,clothing,0,0
49225,food,caramel,syrup,crossclassified,,,3,3,0,food,food,0,0
49224,food,caramel,drizzle,crossclassified,,,3,3,0,food,food,0,0
44664,food,blackberry,mobile,crossclassified,,,3,3,0,food,people,0,0
45018,food,ham,cake,crossclassified,,,3,3,0,food,food,0,0
45014,food,ham,toast,crossclassified,,,3,3,0,food,food,0,0
44945,food,spoon,bread,crossclassified,,,3,2,1,home,food,0,0
44772,food,beef,pizza,crossclassified,,,3,2,1,animals_plants,food,0,0
44763,food,broccoli,sauce,crossclassified,,,3,3,0,food,food,0,0
44721,food,bread,spinach,crossclassified,,,3,3,0,food,food,0,0
43961,food,egg,cheese,crossclassified,,,3,2,1,food,food,0,0
49074,food,granola,snack,crossclassified,,,3,3,0,food,food,0,0
43960,food,egg,sauce,crossclassified,,,3,2,1,food,food,0,0
43255,food,plate,barrage,crossclassified,,,3,3,0,food,food,0,0
43066,food,chicken,broccoli,crossclassified,,,3,3,0,animals_plants,food,0,0
42800,food,burger,ban,crossclassified,,,3,3,0,food,food,0,0
42615,food,shoe,table,crossclassified,,,3,3,0,people,home,0,0
42045,food,food,bur,crossclassified,,,3,3,0,food,food,0,0
45176,food,dough,pie,crossclassified,,,3,2,1,food,food,0,0
46294,food,vegetables,table,crossclassified,,,3,3,0,food,home,0,0
46297,food,bean,carrot,crossclassified,,,3,3,0,food,food,0,0
46298,food,bean,plate,crossclassified,,,3,3,0,food,food,0,0
46306,food,tray,carrot,crossclassified,,,3,3,0,home,food,0,0
46314,food,table,carrot,crossclassified,,,3,2,1,home,food,0,0
47140,food,burger,fruit,crossclassified,,,3,2,1,food,home,0,0
47614,food,broccoli,veritable,crossclassified,,,3,3,0,food,home,0,0
47885,food,toppings,ham,crossclassified,,,3,3,0,food,food,0,0
48215,food,appetizer,fruit,crossclassified,,,3,3,0,food,home,0,0
48417,food,cereal,breakfast,crossclassified,,,3,3,0,food,food,0,0
48643,food,cake,gift,crossclassified,,,3,3,0,food,home,0,0
48660,food,food,hole,crossclassified,,,3,3,0,food,food,0,0
48662,food,pastry,hole,crossclassified,,,3,3,0,food,food,0,0
48665,food,sandwich,hole,crossclassified,,,3,3,0,food,food,0,0
48667,food,bread,hole,crossclassified,,,3,3,0,food,food,0,0
49064,food,cookie,snack,crossclassified,,,3,3,0,food,food,0,0
22978,food,food,gourd,crossclassified,,,3,3,0,food,food,0,0
73154,food,wheel,engine,crossclassified,,,3,3,0,vehicles,vehicles,0,0
22426,food,plate,greens,crossclassified,,,3,3,0,food,food,0,0
9579,food,food,counter,crossclassified,,,3,3,0,food,home,0,0
10479,food,sandwich,onion,crossclassified,,,3,3,0,food,food,0,0
10478,food,burger,onion,crossclassified,,,3,3,0,food,food,0,0
10229,food,bread,eggs,crossclassified,,,3,2,1,food,food,0,0
9816,food,sandwich,wooden,crossclassified,,,3,3,0,food,home,0,0
9806,food,burger,carrot,crossclassified,,,3,3,0,food,food,0,0
9582,food,fruit,tomato,crossclassified,,,3,3,0,home,food,0,0
9475,food,burger,paper,crossclassified,,,3,3,0,food,home,0,0
10848,food,leaf,plant,crossclassified,,,3,3,0,animals_plants,animals_plants,0,0
8581,food,plate,dip,crossclassified,,,3,3,0,food,food,0,0
8579,food,soup,dip,crossclassified,,,3,3,0,food,food,0,0
8502,food,frosting,cream,crossclassified,,,3,3,0,food,food,0,0
8500,food,frosting,ice cream,crossclassified,,,3,3,0,food,food,0,0
8495,food,icing,cream,crossclassified,,,3,3,0,food,food,0,0
8493,food,icing,ice cream,crossclassified,,,3,3,0,food,food,0,0
10839,food,vegetable,flower,crossclassified,,,3,3,0,food,animals_plants,0,0
10849,food,leaf,broccoli,crossclassified,,,3,2,1,animals_plants,food,0,0
7552,food,fruit,meal,crossclassified,,,3,3,0,home,food,0,0
12359,food,coleslaw,sandwich,crossclassified,,,3,3,0,food,food,0,0
13579,food,hotdog,pita,crossclassified,,,3,2,1,food,food,0,0
13487,food,hotdog,taco,crossclassified,,,3,3,0,food,food,0,0
13339,food,bread,ban,crossclassified,,,3,2,1,food,food,0,0
12702,food,donut,hotdog,crossclassified,,,3,3,0,food,food,0,0
12619,food,donut,nut,crossclassified,,,3,3,0,food,food,0,0
12487,food,bread,jam,crossclassified,,,3,3,0,food,food,0,0
12033,food,burger,jam,crossclassified,,,3,3,0,food,food,0,0
10942,food,sandwich,plat,crossclassified,,,3,3,0,food,home,0,0
11626,food,meal,entree,crossclassified,,,3,3,0,food,food,0,0
11617,food,broccoli,entree,crossclassified,,,3,3,0,food,food,0,0
11463,food,egg,burger,crossclassified,,,3,2,1,food,food,0,0
11092,food,cake,heart,crossclassified,,,3,3,0,food,food,0,0
11049,food,plate,hotdog bun,crossclassified,,,3,3,0,food,food,0,0
11038,food,pizza,minimization,crossclassified,,,3,3,0,food,food,0,0
8036,food,cucumber,fruit,crossclassified,,,3,3,0,food,home,0,0
7539,food,wine,cup,crossclassified,,,3,3,0,home,home,0,0
13975,food,hotdog,bratwurst,crossclassified,,,3,3,0,food,food,0,0
2307,food,stew,beef,crossclassified,,,3,2,1,food,animals_plants,0,0
3721,food,burger,table,crossclassified,,,3,3,0,food,home,0,0
3289,food,salad,mushroom,crossclassified,,,3,3,0,food,food,0,0
3274,food,plate,mushroom,crossclassified,,,3,2,1,food,food,0,0
3169,food,sandwich,flatbread,crossclassified,,,3,2,1,food,food,0,0
2822,food,plate,paganini,crossclassified,,,3,2,1,food,food,0,0
2759,food,liquor,beer,crossclassified,,,3,3,0,food,food,0,0
1713,food,toppings,slice,crossclassified,,,3,2,1,food,food,0,0
3891,food,coffee mug,coffee cup,crossclassified,,,3,2,1,home,home,0,0
1621,food,mustard,sandwich,crossclassified,,,3,2,1,food,food,0,0
923,food,vegetables,pasta,crossclassified,,,3,3,0,food,food,0,0
842,food,salad,cabbage,crossclassified,,,3,2,1,food,food,0,0
549,food,donut,glaze,crossclassified,,,3,3,0,food,food,0,0
177,food,vegetables,dinner,crossclassified,,,3,3,0,food,home,0,0
22415,food,vegetable,cheese,crossclassified,,,3,2,1,food,food,0,0
3885,food,mug,coffee,crossclassified,,,3,3,0,home,home,0,0
3894,food,coffee cup,coffee,crossclassified,,,3,3,0,home,home,0,0
7148,food,hotdog,brat,crossclassified,,,3,3,0,food,food,0,0
5636,food,sandwich,tissue paper,crossclassified,,,3,3,0,food,food,0,0
7147,food,sandwich,brat,crossclassified,,,3,3,0,food,food,0,0
6630,food,burger,soup,crossclassified,,,3,2,1,food,food,0,0
6626,food,plate,liquid,crossclassified,,,3,3,0,food,food,0,0
6012,food,pizza,appetizer,crossclassified,,,3,3,0,food,food,0,0
5812,food,banana,toast,crossclassified,,,3,2,1,home,food,0,0
5807,food,banana,cake,crossclassified,,,3,2,1,home,food,0,0
5313,food,sandwich,leaf,crossclassified,,,3,3,0,food,animals_plants,0,0
3937,food,pizza,tomatoes,crossclassified,,,3,3,0,food,food,0,0
4848,food,rice,hotdog,crossclassified,,,3,2,1,food,food,0,0
4196,food,cupcake,sweet,crossclassified,,,3,3,0,food,food,0,0
4193,food,pastry,sweet,crossclassified,,,3,3,0,food,food,0,0
4150,food,rice,breakfast,crossclassified,,,3,2,1,food,food,0,0
4146,food,breakfast,cake,crossclassified,,,3,3,0,food,food,0,0
4108,food,dessert,spoon,crossclassified,,,3,2,1,food,home,0,0
13808,food,donut,fruit,crossclassified,,,3,2,1,food,home,0,0
5816,food,bread,desert,crossclassified,,,3,3,0,food,food,0,0
13976,food,food,chair,crossclassified,,,3,3,0,food,home,0,0
17354,food,wrapper,cupcake,crossclassified,,,3,3,0,food,food,0,0
18212,food,cake,flag,crossclassified,,,3,3,0,food,animals_plants,0,0
17738,food,burger,muffin,crossclassified,,,3,3,0,food,food,0,0
17726,food,sandwich,griddlecake,crossclassified,,,3,3,0,food,food,0,0
17529,food,toppings,pie,crossclassified,,,3,2,1,food,food,0,0
17419,food,pizza,avocado,crossclassified,,,3,3,0,food,food,0,0
17371,food,sprinkles,cupcake,crossclassified,,,3,3,0,food,food,0,0
17219,food,pizza,bagel,crossclassified,,,3,2,1,food,food,0,0
18275,food,burger,chicken,crossclassified,,,3,2,1,food,animals_plants,0,0
17216,food,pancake,pizza,crossclassified,,,3,2,1,food,food,0,0
16984,food,plate,egg yolk,crossclassified,,,3,2,1,food,food,0,0
16980,food,plate,yolk,crossclassified,,,3,2,1,food,food,0,0
16803,food,fridge,bottle,crossclassified,,,3,3,0,home,home,0,0
16796,food,wine cooler,bottle,crossclassified,,,3,3,0,home,home,0,0
16795,food,wine cooler,fridge,crossclassified,,,3,3,0,home,home,0,0
18274,food,cake,chicken,crossclassified,,,3,3,0,food,animals_plants,0,0
18419,food,bacon,pizza,crossclassified,,,3,3,0,food,food,0,0
16786,food,cooler,wine cooler,crossclassified,,,3,3,0,food,home,0,0
20742,food,chicken,dish,crossclassified,,,3,2,1,animals_plants,home,0,0
20966,food,food,fo,crossclassified,,,3,3,0,food,home,0,0
14127,food,cake,bed,crossclassified,,,3,3,0,food,home,0,0
20963,food,soup,fo,crossclassified,,,3,3,0,food,home,0,0
20848,food,chili dog,bun,crossclassified,,,3,2,1,food,food,0,0
20845,food,cheese,chili,crossclassified,,,3,3,0,food,food,0,0
20840,food,sandwich,chili,crossclassified,,,3,2,1,food,food,0,0
20737,food,rice,carrot,crossclassified,,,3,2,1,food,food,0,0
18585,food,hotdog,jam,crossclassified,,,3,3,0,food,food,0,0
20254,food,sauce,bowl,crossclassified,,,3,2,1,food,home,0,0
20060,food,pizza,lunch,crossclassified,,,3,3,0,food,food,0,0
