,domain,word1,word2,relation,totalfreq,freq-w1-w2,freq-w2-w1,domain_w1,domain_w2,syn_w1,syn_w2
618,vehicles,motorcycle,wheel,crossclassified,888,878,10,vehicles,vehicles,0,0
138,vehicles,truck,wheel,crossclassified,873,817,56,vehicles,vehicles,0,0
3638,vehicles,motorcycle,scooter,crossclassified,542,382,160,vehicles,vehicles,0,0
292,vehicles,train,vehicle,crossclassified,337,305,32,vehicles,vehicles,0,0
2479,vehicles,boat,sailboat,crossclassified,311,286,25,vehicles,vehicles,0,0
5332,vehicles,van,wheel,crossclassified,271,177,94,vehicles,vehicles,0,0
3643,vehicles,scooter,moped,crossclassified,256,231,25,vehicles,vehicles,0,0
738,vehicles,train,locomotive,crossclassified,243,243,0,vehicles,vehicles,0,0
79,vehicles,truck,bus,crossclassified,226,153,73,vehicles,vehicles,0,0
2883,vehicles,airplane,wheel,crossclassified,224,222,2,vehicles,vehicles,0,0
2884,vehicles,plane,wheel,crossclassified,221,221,0,vehicles,vehicles,0,0
4370,vehicles,train,truck,crossclassified,206,116,90,vehicles,vehicles,0,0
1726,vehicles,airplane,wing,crossclassified,186,118,68,vehicles,vehicles,0,0
1729,vehicles,plane,wing,crossclassified,184,128,56,vehicles,vehicles,0,0
2407,vehicles,truck,jeep,crossclassified,182,139,43,vehicles,vehicles,0,0
3982,vehicles,airplane,wings,crossclassified,182,182,0,vehicles,vehicles,0,0
3983,vehicles,plane,wings,crossclassified,180,180,0,vehicles,vehicles,0,0
6674,vehicles,wheel,motorbike,crossclassified,176,136,40,vehicles,vehicles,0,0
61,vehicles,bus,van,crossclassified,169,88,81,vehicles,vehicles,0,0
1238,vehicles,train,subway,crossclassified,157,157,0,vehicles,vehicles,0,0
1384,vehicles,car,mirror,crossclassified,152,117,35,vehicles,vehicles,0,0
1727,vehicles,airplane,flight,crossclassified,148,148,0,vehicles,vehicles,0,0
1730,vehicles,plane,flight,crossclassified,148,148,0,vehicles,vehicles,0,0
2440,vehicles,train,engine,crossclassified,138,138,0,vehicles,vehicles,0,0
3365,vehicles,train,wheel,crossclassified,131,110,21,vehicles,vehicles,0,0
5059,vehicles,train,trolley,crossclassified,128,117,11,vehicles,vehicles,0,0
2709,vehicles,truck,suv,crossclassified,127,70,57,vehicles,vehicles,0,0
7150,vehicles,truck,trailer,crossclassified,111,100,11,vehicles,vehicles,0,0
2207,vehicles,train,tram,crossclassified,110,110,0,vehicles,vehicles,0,0
8703,vehicles,ship,sailboat,crossclassified,103,60,43,vehicles,vehicles,0,0
151,vehicles,car,pickup truck,crossclassified,96,90,6,vehicles,vehicles,0,0
9329,vehicles,vehicle,mirror,crossclassified,92,53,39,vehicles,vehicles,0,0
12139,vehicles,motorcycle,mirror,crossclassified,91,82,9,vehicles,vehicles,0,0
9361,vehicles,boat,pole,crossclassified,90,90,0,vehicles,buildings,0,0
8161,vehicles,wheel,moped,crossclassified,89,47,42,vehicles,vehicles,0,0
3678,vehicles,train,railcar,crossclassified,84,84,0,vehicles,vehicles,0,0
3962,vehicles,boat,raft,crossclassified,80,56,24,vehicles,vehicles,0,0
4369,vehicles,bus,wheel,crossclassified,80,53,27,vehicles,vehicles,0,0
3984,vehicles,jet,wheel,crossclassified,75,57,18,vehicles,vehicles,0,0
4060,vehicles,train,car,crossclassified,74,58,16,vehicles,vehicles,0,0
9526,vehicles,suv,wheel,crossclassified,74,49,25,vehicles,vehicles,0,0
9525,vehicles,van,suv,crossclassified,72,42,30,vehicles,vehicles,0,0
3865,vehicles,wheel,automobile,crossclassified,71,67,4,vehicles,vehicles,0,0
3642,vehicles,scooter,motorbike,crossclassified,65,53,12,vehicles,vehicles,0,0
3985,vehicles,jet,wings,crossclassified,65,63,2,vehicles,vehicles,0,0
12143,vehicles,bike,mirror,crossclassified,65,52,13,vehicles,vehicles,0,0
11801,vehicles,car,pickup,crossclassified,63,61,2,vehicles,vehicles,0,0
7044,vehicles,wheel,mirror,crossclassified,61,53,8,vehicles,vehicles,0,0
737,vehicles,train,caboose,crossclassified,59,59,0,vehicles,vehicles,0,0
57,vehicles,van,automobile,crossclassified,57,51,6,vehicles,vehicles,0,0
3845,vehicles,boat,dog,crossclassified,57,56,1,vehicles,animals_plants,0,0
18413,vehicles,wheel,jeep,crossclassified,55,31,24,vehicles,vehicles,0,0
6392,vehicles,airplane,propeller,crossclassified,55,41,14,vehicles,vehicles,0,0
15290,vehicles,truck,dog,crossclassified,54,38,16,vehicles,animals_plants,0,0
1733,vehicles,jet,flight,crossclassified,52,49,3,vehicles,vehicles,0,0
2442,vehicles,train,vehicles,crossclassified,52,52,0,vehicles,vehicles,0,0
9906,vehicles,truck,mirror,crossclassified,52,34,18,vehicles,vehicles,0,0
11858,vehicles,ship,pole,crossclassified,52,48,4,vehicles,buildings,0,0
16886,vehicles,train,track,crossclassified,50,50,0,vehicles,vehicles,0,0
6393,vehicles,plane,propeller,crossclassified,49,30,19,vehicles,vehicles,0,0
10924,vehicles,ship,ferry,crossclassified,49,44,5,vehicles,vehicles,0,0
139,vehicles,truck,ambulance,crossclassified,48,39,9,vehicles,vehicles,0,0
24992,vehicles,wheel,motor bike,crossclassified,45,35,10,vehicles,vehicles,0,0
656,vehicles,car,window,crossclassified,45,39,6,vehicles,home,0,0
2848,vehicles,train,airplane,crossclassified,45,29,16,vehicles,vehicles,0,0
15021,vehicles,car,dog,crossclassified,44,36,8,vehicles,animals_plants,0,0
34291,vehicles,wheel,pickup truck,crossclassified,44,39,5,vehicles,vehicles,0,0
14056,vehicles,car,meter,crossclassified,43,43,0,vehicles,vehicles,0,0
5994,vehicles,train,pole,crossclassified,42,42,0,vehicles,buildings,0,0
7616,vehicles,boat,wheel,crossclassified,40,40,0,vehicles,vehicles,0,0
21473,vehicles,bike,tyre,crossclassified,40,40,0,vehicles,vehicles,0,0
7701,vehicles,dirt bike,wheel,crossclassified,39,21,18,vehicles,vehicles,0,0
24102,vehicles,airplane,plain,crossclassified,39,39,0,vehicles,vehicles,0,0
24106,vehicles,plane,plain,crossclassified,39,39,0,vehicles,vehicles,0,0
5422,vehicles,wheel,semi,crossclassified,39,24,15,vehicles,vehicles,0,0
4373,vehicles,train,mirror,crossclassified,39,38,1,vehicles,vehicles,0,0
1511,vehicles,train,window,crossclassified,39,39,0,vehicles,home,0,0
21472,vehicles,motorcycle,tyre,crossclassified,38,38,0,vehicles,vehicles,0,0
29882,vehicles,car,light,crossclassified,37,36,1,vehicles,home,0,0
6040,vehicles,truck,t-shirt,crossclassified,37,35,2,vehicles,clothing,0,0
19976,vehicles,train,door,crossclassified,37,37,0,vehicles,home,0,0
25304,vehicles,car,cat,crossclassified,36,36,0,vehicles,animals_plants,0,0
20119,vehicles,airplane,runway,crossclassified,36,31,5,vehicles,vehicles,0,0
657,vehicles,vehicle,window,crossclassified,35,25,10,vehicles,home,0,0
1732,vehicles,jet,wing,crossclassified,34,29,5,vehicles,vehicles,0,0
6551,vehicles,car,t-shirt,crossclassified,34,30,4,vehicles,clothing,0,0
15442,vehicles,boat,train,crossclassified,34,20,14,vehicles,vehicles,0,0
10918,vehicles,boat,truck,crossclassified,32,25,7,vehicles,vehicles,0,0
1752,vehicles,plane,airline,crossclassified,32,32,0,vehicles,vehicles,0,0
1754,vehicles,airplane,airline,crossclassified,32,32,0,vehicles,vehicles,0,0
10510,vehicles,car,shirt,crossclassified,31,31,0,vehicles,clothing,0,0
20124,vehicles,plane,runway,crossclassified,31,17,14,vehicles,vehicles,0,0
9345,vehicles,boat,cruise ship,crossclassified,31,31,0,vehicles,vehicles,0,0
8717,vehicles,train,carriage,crossclassified,30,26,4,vehicles,vehicles,0,0
25111,vehicles,car,dashboard,crossclassified,30,30,0,vehicles,vehicles,0,0
39375,vehicles,car,tyre,crossclassified,30,29,1,vehicles,vehicles,0,0
736,vehicles,train,boxcar,crossclassified,29,29,0,vehicles,vehicles,0,0
5992,vehicles,train,building,crossclassified,29,29,0,vehicles,buildings,0,0
15020,vehicles,dog,vehicle,crossclassified,29,15,14,animals_plants,vehicles,0,0
25426,vehicles,bike,motor,crossclassified,29,29,0,vehicles,vehicles,0,0
38572,vehicles,motorcycle,t-shirt,crossclassified,28,28,0,vehicles,clothing,0,0
14766,vehicles,airplane,airport,crossclassified,28,25,3,vehicles,vehicles,0,0
38574,vehicles,bike,t-shirt,crossclassified,28,28,0,vehicles,clothing,0,0
29454,vehicles,wheel,tire,crossclassified,28,18,10,vehicles,vehicles,0,0
11210,vehicles,boat,dock,crossclassified,28,28,0,vehicles,buildings,0,0
14561,vehicles,truck,tire,crossclassified,28,19,9,vehicles,vehicles,0,0
3844,vehicles,boat,chair,crossclassified,28,28,0,vehicles,home,0,0
3901,vehicles,wheel,motor vehicle,crossclassified,28,28,0,vehicles,vehicles,0,0
11802,vehicles,wheel,pickup,crossclassified,28,24,4,vehicles,vehicles,0,0
2004,vehicles,boat,t-shirt,crossclassified,27,27,0,vehicles,clothing,0,0
6552,vehicles,vehicle,t-shirt,crossclassified,27,18,9,vehicles,clothing,0,0
11039,vehicles,boat,shirt,crossclassified,27,27,0,vehicles,clothing,0,0
21819,vehicles,boat,building,crossclassified,27,14,13,vehicles,buildings,0,0
25425,vehicles,motorcycle,motor,crossclassified,27,27,0,vehicles,vehicles,0,0
6047,vehicles,wheel,t-shirt,crossclassified,26,23,3,vehicles,clothing,0,0
21454,vehicles,truck,truck bed,crossclassified,26,26,0,vehicles,vehicles,0,0
14765,vehicles,plane,airport,crossclassified,25,25,0,vehicles,vehicles,0,0
39371,vehicles,truck,tyre,crossclassified,25,25,0,vehicles,vehicles,0,0
22423,vehicles,car,tire,crossclassified,25,20,5,vehicles,vehicles,0,0
14581,vehicles,train,metro,crossclassified,25,25,0,vehicles,vehicles,0,0
9080,vehicles,boat,sail,crossclassified,25,25,0,vehicles,vehicles,0,0
5758,vehicles,van,train,crossclassified,25,18,7,vehicles,vehicles,0,0
2860,vehicles,truck,shirt,crossclassified,25,23,2,vehicles,clothing,0,0
3866,vehicles,taxi,wheel,crossclassified,24,18,6,vehicles,vehicles,0,0
6735,vehicles,wheel,aircraft,crossclassified,24,14,10,vehicles,vehicles,0,0
7018,vehicles,trolley,bus,crossclassified,24,15,9,vehicles,vehicles,0,0
16773,vehicles,boat,wood,crossclassified,24,24,0,vehicles,home,0,0
42472,vehicles,airplane,dropline,crossclassified,24,24,0,vehicles,vehicles,0,0
42473,vehicles,plane,dropline,crossclassified,24,24,0,vehicles,vehicles,0,0
16200,vehicles,wheel,light,crossclassified,23,21,2,vehicles,home,0,0
41575,vehicles,boat,car,crossclassified,23,19,4,vehicles,vehicles,0,0
30656,vehicles,motorcycle,shirt,crossclassified,23,23,0,vehicles,clothing,0,0
21167,vehicles,kite,plane,crossclassified,23,18,5,vehicles,vehicles,0,0
9317,vehicles,van,mirror,crossclassified,23,15,8,vehicles,vehicles,0,0
15018,vehicles,mirror,dog,crossclassified,23,19,4,vehicles,animals_plants,0,0
3787,vehicles,car,door,crossclassified,23,18,5,vehicles,home,0,0
12259,vehicles,vehicle,light,crossclassified,23,19,4,vehicles,home,0,0
12632,vehicles,train,bridge,crossclassified,22,22,0,vehicles,buildings,0,0
78453,vehicles,plane,complainer,crossclassified,22,22,0,vehicles,vehicles,0,0
78452,vehicles,airplane,complainer,crossclassified,22,22,0,vehicles,vehicles,0,0
53399,vehicles,boat,sea,crossclassified,22,22,0,vehicles,people,0,0
13776,vehicles,car,hood,crossclassified,22,21,1,vehicles,clothing,0,0
32095,vehicles,bike,shirt,crossclassified,22,22,0,vehicles,clothing,0,0
12256,vehicles,bike,light,crossclassified,22,20,2,vehicles,home,0,0
9320,vehicles,van,door,crossclassified,22,12,10,vehicles,home,0,0
8222,vehicles,car,windshield,crossclassified,22,22,0,vehicles,vehicles,0,0
3785,vehicles,truck,door,crossclassified,22,16,6,vehicles,home,0,0
2847,vehicles,plane,train,crossclassified,22,15,7,vehicles,vehicles,0,0
2511,vehicles,boat,water,crossclassified,22,22,0,vehicles,home,0,0
4368,vehicles,bus,mirror,crossclassified,21,18,3,vehicles,vehicles,0,0
5641,vehicles,motorcycle,light,crossclassified,21,21,0,vehicles,home,0,0
6026,vehicles,motorcycle,bicycle,crossclassified,21,21,0,vehicles,vehicles,0,0
14375,vehicles,motorcycle,dog,crossclassified,21,21,0,vehicles,animals_plants,0,0
39376,vehicles,vehicle,tyre,crossclassified,21,20,1,vehicles,vehicles,0,0
9905,vehicles,car,glass,crossclassified,20,20,0,vehicles,home,0,0
13891,vehicles,truck,light,crossclassified,20,18,2,vehicles,home,0,0
2441,vehicles,train,wagon,crossclassified,20,16,4,vehicles,vehicles,0,0
7915,vehicles,motorcycle,jacket,crossclassified,20,20,0,vehicles,clothing,0,0
4372,vehicles,train,light,crossclassified,20,19,1,vehicles,home,0,0
1725,vehicles,airplane,engine,crossclassified,19,19,0,vehicles,vehicles,0,0
12146,vehicles,bike,man,crossclassified,19,11,8,vehicles,people,0,0
20408,vehicles,car,man,crossclassified,19,16,3,vehicles,people,0,0
21168,vehicles,kite,airplane,crossclassified,19,17,2,vehicles,vehicles,0,0
22425,vehicles,vehicle,tire,crossclassified,19,14,5,vehicles,vehicles,0,0
24070,vehicles,vehicle,windshield,crossclassified,19,14,5,vehicles,vehicles,0,0
61891,vehicles,boat,sail boat,crossclassified,19,19,0,vehicles,vehicles,0,0
7916,vehicles,bike,jacket,crossclassified,19,16,3,vehicles,clothing,0,0
12141,vehicles,motorcycle,man,crossclassified,18,18,0,vehicles,people,0,0
35132,vehicles,semi,car,crossclassified,18,11,7,vehicles,vehicles,0,0
26675,vehicles,motorcycle,shoe,crossclassified,18,18,0,vehicles,people,0,0
16503,vehicles,ship,train,crossclassified,18,15,3,vehicles,vehicles,0,0
12994,vehicles,train,wall,crossclassified,18,18,0,vehicles,home,0,0
7045,vehicles,mirror,window,crossclassified,18,14,4,vehicles,home,0,0
9332,vehicles,vehicle,door,crossclassified,18,15,3,vehicles,home,0,0
3152,vehicles,ship,tugboat,crossclassified,18,17,1,vehicles,vehicles,0,0
1728,vehicles,plane,engine,crossclassified,18,18,0,vehicles,vehicles,0,0
5991,vehicles,train,t-shirt,crossclassified,18,17,1,vehicles,clothing,0,0
20120,vehicles,airplane,tarmac,crossclassified,17,12,5,vehicles,vehicles,0,0
29462,vehicles,wheel,tractor,crossclassified,17,13,4,vehicles,vehicles,0,0
26676,vehicles,bike,shoe,crossclassified,17,17,0,vehicles,people,0,0
26133,vehicles,truck,man,crossclassified,17,17,0,vehicles,people,0,0
9362,vehicles,sailboat,pole,crossclassified,17,15,2,vehicles,buildings,0,0
18805,vehicles,car,jacket,crossclassified,17,17,0,vehicles,clothing,0,0
5960,vehicles,plane,areopagite,crossclassified,17,17,0,vehicles,vehicles,0,0
5959,vehicles,airplane,areopagite,crossclassified,17,17,0,vehicles,vehicles,0,0
5761,vehicles,train,table,crossclassified,17,17,0,vehicles,home,0,0
22536,vehicles,bus,boat,crossclassified,16,11,5,vehicles,vehicles,0,0
21089,vehicles,car,road,crossclassified,16,13,3,vehicles,buildings,0,0
16587,vehicles,train,transportation,crossclassified,16,16,0,vehicles,vehicles,0,0
14059,vehicles,meter,vehicle,crossclassified,16,12,4,vehicles,vehicles,0,0
14057,vehicles,car,parking meter,crossclassified,16,16,0,vehicles,vehicles,0,0
10508,vehicles,car,woman,crossclassified,16,12,4,vehicles,people,0,0
9921,vehicles,locomotive,wheel,crossclassified,16,9,7,vehicles,vehicles,0,0
9908,vehicles,vehicle,glass,crossclassified,16,15,1,vehicles,home,0,0
7483,vehicles,truck,building,crossclassified,16,12,4,vehicles,buildings,0,0
6545,vehicles,bus,tram,crossclassified,16,16,0,vehicles,vehicles,0,0
4521,vehicles,fire truck,wheel,crossclassified,16,13,3,vehicles,vehicles,0,0
3679,vehicles,train,umbrella,crossclassified,16,16,0,vehicles,buildings,0,0
1756,vehicles,jet,airline,crossclassified,16,16,0,vehicles,vehicles,0,0
357,vehicles,jet,helicopter,crossclassified,16,11,5,vehicles,vehicles,0,0
19837,vehicles,truck,pole,crossclassified,15,13,2,vehicles,buildings,0,0
48092,vehicles,boat,table,crossclassified,15,15,0,vehicles,home,0,0
23362,vehicles,motorcycle,tire,crossclassified,15,15,0,vehicles,vehicles,0,0
21823,vehicles,ship,building,crossclassified,15,11,4,vehicles,buildings,0,0
5601,vehicles,motorcycle,cycle,crossclassified,15,15,0,vehicles,people,0,0
16287,vehicles,train,trailer,crossclassified,15,11,4,vehicles,vehicles,0,0
11957,vehicles,boat,sheep,crossclassified,15,15,0,vehicles,animals_plants,0,0
6045,vehicles,wheel,shirt,crossclassified,15,12,3,vehicles,clothing,0,0
15501,vehicles,car,horse,crossclassified,15,15,0,vehicles,animals_plants,0,0
10654,vehicles,plane,boat,crossclassified,14,10,4,vehicles,vehicles,0,0
25734,vehicles,car,shoe,crossclassified,14,14,0,vehicles,people,0,0
25715,vehicles,truck,cycle,crossclassified,14,14,0,vehicles,people,0,0
20409,vehicles,car,building,crossclassified,14,9,5,vehicles,buildings,0,0
11228,vehicles,van,bike,crossclassified,14,14,0,vehicles,vehicles,0,0
12307,vehicles,bike,helmet,crossclassified,14,14,0,vehicles,people,0,0
9085,vehicles,sailboat,sail,crossclassified,14,12,2,vehicles,vehicles,0,0
7229,vehicles,wheel,dump truck,crossclassified,14,11,3,vehicles,vehicles,0,0
4034,vehicles,car,tractor,crossclassified,14,12,2,vehicles,vehicles,0,0
3965,vehicles,canoe,raft,crossclassified,14,11,3,vehicles,vehicles,0,0
2868,vehicles,vehicle,shirt,crossclassified,14,9,5,vehicles,clothing,0,0
658,vehicles,truck,window,crossclassified,14,14,0,vehicles,home,0,0
25717,vehicles,truck,cap,crossclassified,13,13,0,vehicles,people,0,0
80371,vehicles,train,trepan,crossclassified,13,13,0,vehicles,vehicles,0,0
77021,vehicles,motorbike,tyre,crossclassified,13,13,0,vehicles,vehicles,0,0
61892,vehicles,ship,sail boat,crossclassified,13,10,3,vehicles,vehicles,0,0
53400,vehicles,ship,sea,crossclassified,13,11,2,vehicles,people,0,0
50540,vehicles,motorcycle,glass,crossclassified,13,13,0,vehicles,home,0,0
36762,vehicles,truck,wood,crossclassified,13,13,0,vehicles,home,0,0
36669,vehicles,vehicle,shoe,crossclassified,13,8,5,vehicles,people,0,0
26319,vehicles,cow,car,crossclassified,13,9,4,animals_plants,vehicles,0,0
25392,vehicles,bike,tire,crossclassified,13,13,0,vehicles,vehicles,0,0
16067,vehicles,motorcycle,helmet,crossclassified,13,13,0,vehicles,people,0,0
12258,vehicles,man,vehicle,crossclassified,13,9,4,people,vehicles,0,0
10925,vehicles,ship,barge,crossclassified,13,11,2,vehicles,vehicles,0,0
7615,vehicles,boat,airplane,crossclassified,13,7,6,vehicles,vehicles,0,0
7017,vehicles,train,man,crossclassified,13,11,2,vehicles,people,0,0
6049,vehicles,van,t-shirt,crossclassified,13,12,1,vehicles,clothing,0,0
2536,vehicles,truck,tanker,crossclassified,13,13,0,vehicles,vehicles,0,0
23722,vehicles,scooter,motor bike,crossclassified,13,11,2,vehicles,vehicles,0,0
18051,vehicles,train,shirt,crossclassified,12,11,1,vehicles,clothing,0,0
39373,vehicles,wheel,tyre,crossclassified,12,10,2,vehicles,vehicles,0,0
20132,vehicles,plane,tarmac,crossclassified,12,12,0,vehicles,vehicles,0,0
20138,vehicles,tarmac,road,crossclassified,12,10,2,vehicles,buildings,0,0
22491,vehicles,runway,airport,crossclassified,12,8,4,vehicles,vehicles,0,0
24341,vehicles,motorcycle,road,crossclassified,12,11,1,vehicles,buildings,0,0
33925,vehicles,boat,cap,crossclassified,12,12,0,vehicles,people,0,0
42379,vehicles,car,pole,crossclassified,12,12,0,vehicles,buildings,0,0
39552,vehicles,wheel,shoe,crossclassified,12,11,1,vehicles,people,0,0
41859,vehicles,dog,pickup truck,crossclassified,12,8,4,animals_plants,vehicles,0,0
42241,vehicles,car,toy,crossclassified,12,12,0,vehicles,home,0,0
50561,vehicles,bike,glass,crossclassified,12,7,5,vehicles,home,0,0
55424,vehicles,ambulance,van,crossclassified,12,6,6,vehicles,vehicles,0,0
20128,vehicles,runway,road,crossclassified,12,12,0,vehicles,buildings,0,0
20830,vehicles,car,table,crossclassified,12,12,0,vehicles,home,0,0
16688,vehicles,airplane,sky,crossclassified,12,12,0,vehicles,vehicles,0,0
10875,vehicles,motorcycle,chopper,crossclassified,12,12,0,vehicles,vehicles,0,0
2871,vehicles,van,shirt,crossclassified,12,11,1,vehicles,clothing,0,0
7487,vehicles,vehicle,pole,crossclassified,12,11,1,vehicles,buildings,0,0
7624,vehicles,airplane,model,crossclassified,12,12,0,vehicles,people,0,0
8743,vehicles,plane,t-shirt,crossclassified,12,12,0,vehicles,clothing,0,0
9622,vehicles,van,ambulance,crossclassified,12,6,6,vehicles,vehicles,0,0
7084,vehicles,train,compartment,crossclassified,12,12,0,vehicles,vehicles,0,0
10919,vehicles,ship,wheel,crossclassified,12,8,4,vehicles,vehicles,0,0
11374,vehicles,airplane,man,crossclassified,12,10,2,vehicles,people,0,0
11370,vehicles,plane,man,crossclassified,12,12,0,vehicles,people,0,0
12436,vehicles,boat,jacket,crossclassified,12,12,0,vehicles,clothing,0,0
15503,vehicles,pickup truck,jeep,crossclassified,12,9,3,vehicles,vehicles,0,0
1385,vehicles,mirror,automobile,crossclassified,12,12,0,vehicles,vehicles,0,0
11372,vehicles,plane,shirt,crossclassified,12,12,0,vehicles,clothing,0,0
14330,vehicles,wheel,police car,crossclassified,11,10,1,vehicles,vehicles,0,0
68017,vehicles,car,bird,crossclassified,11,11,0,vehicles,animals_plants,0,0
46935,vehicles,wall,ship,crossclassified,11,11,0,home,vehicles,0,0
42377,vehicles,wheel,pole,crossclassified,11,10,1,vehicles,buildings,0,0
32786,vehicles,train,bag,crossclassified,11,11,0,vehicles,people,0,0
31812,vehicles,truck,flatbed,crossclassified,11,11,0,vehicles,vehicles,0,0
29590,vehicles,bike,chopper,crossclassified,11,11,0,vehicles,vehicles,0,0
25737,vehicles,trunk,van,crossclassified,11,6,5,vehicles,vehicles,0,0
24774,vehicles,plane,fan,crossclassified,11,11,0,vehicles,vehicles,0,0
24773,vehicles,airplane,fan,crossclassified,11,11,0,vehicles,vehicles,0,0
23975,vehicles,boat,deck,crossclassified,11,11,0,vehicles,vehicles,0,0
43581,vehicles,kayak,raft,crossclassified,11,10,1,vehicles,vehicles,0,0
16687,vehicles,plane,sky,crossclassified,11,11,0,vehicles,vehicles,0,0
13311,vehicles,plane,model,crossclassified,11,11,0,vehicles,people,0,0
8744,vehicles,airplane,t-shirt,crossclassified,11,11,0,vehicles,clothing,0,0
12085,vehicles,car,sign,crossclassified,11,10,1,vehicles,buildings,0,0
2810,vehicles,jeep,van,crossclassified,11,6,5,vehicles,vehicles,0,0
4790,vehicles,vehicle,headlight,crossclassified,11,11,0,vehicles,vehicles,0,0
5909,vehicles,wheel,sedan,crossclassified,11,10,1,vehicles,vehicles,0,0
8073,vehicles,motorcycle,trike,crossclassified,11,11,0,vehicles,vehicles,0,0
5905,vehicles,car,number plate,crossclassified,11,10,1,vehicles,vehicles,0,0
9619,vehicles,wheel,ambulance,crossclassified,11,6,5,vehicles,vehicles,0,0
10789,vehicles,suv,mirror,crossclassified,11,6,5,vehicles,vehicles,0,0
11041,vehicles,boat,bench,crossclassified,11,11,0,vehicles,home,0,0
11376,vehicles,airplane,shirt,crossclassified,11,11,0,vehicles,clothing,0,0
11961,vehicles,ship,sheep,crossclassified,11,11,0,vehicles,animals_plants,0,0
35707,vehicles,car,bag,crossclassified,10,10,0,vehicles,people,0,0
25714,vehicles,train,cap,crossclassified,10,10,0,vehicles,people,0,0
27565,vehicles,motorbike,motor,crossclassified,10,10,0,vehicles,vehicles,0,0
30659,vehicles,dog,wheel,crossclassified,10,6,4,animals_plants,vehicles,0,0
31490,vehicles,street,car,crossclassified,10,8,2,buildings,vehicles,0,0
32305,vehicles,mirror,motorbike,crossclassified,10,6,4,vehicles,vehicles,0,0
32472,vehicles,van,window,crossclassified,10,6,4,vehicles,home,0,0
32589,vehicles,wheel,lorry,crossclassified,10,9,1,vehicles,vehicles,0,0
40630,vehicles,bus,umbrella,crossclassified,10,8,2,vehicles,buildings,0,0
21388,vehicles,aircraft,wing,crossclassified,10,5,5,vehicles,vehicles,0,0
35761,vehicles,wing,aircraft,crossclassified,10,5,5,vehicles,vehicles,0,0
36671,vehicles,truck,shoe,crossclassified,10,9,1,vehicles,people,0,0
40144,vehicles,plane,tail,crossclassified,10,10,0,vehicles,animals_plants,0,0
40145,vehicles,airplane,tail,crossclassified,10,10,0,vehicles,animals_plants,0,0
44391,vehicles,jet,gyroplane,crossclassified,10,10,0,vehicles,vehicles,0,0
58040,vehicles,skyline,airplane,crossclassified,10,10,0,vehicles,vehicles,0,0
23905,vehicles,car,lorry,crossclassified,10,9,1,vehicles,vehicles,0,0
7567,vehicles,bike,transportation,crossclassified,10,10,0,vehicles,vehicles,0,0
18806,vehicles,vehicle,jacket,crossclassified,10,9,1,vehicles,clothing,0,0
8675,vehicles,train,tree,crossclassified,10,10,0,vehicles,buildings,0,0
18301,vehicles,car,bumper,crossclassified,10,10,0,vehicles,vehicles,0,0
1390,vehicles,car,car mirror,crossclassified,10,10,0,vehicles,vehicles,0,0
3847,vehicles,boat,animal,crossclassified,10,10,0,vehicles,animals_plants,0,0
4331,vehicles,airplane,car,crossclassified,10,8,2,vehicles,vehicles,0,0
5752,vehicles,truck,table,crossclassified,10,10,0,vehicles,home,0,0
6039,vehicles,truck,pant,crossclassified,10,10,0,vehicles,people,0,0
7564,vehicles,motorcycle,transportation,crossclassified,10,10,0,vehicles,vehicles,0,0
4787,vehicles,car,headlight,crossclassified,10,10,0,vehicles,vehicles,0,0
12069,vehicles,train,sign,crossclassified,10,10,0,vehicles,buildings,0,0
12434,vehicles,boat,lake,crossclassified,10,10,0,vehicles,vehicles,0,0
13889,vehicles,helicopter,wheel,crossclassified,10,10,0,vehicles,vehicles,0,0
14377,vehicles,bike,dog,crossclassified,10,6,4,vehicles,animals_plants,0,0
14564,vehicles,tow truck,car,crossclassified,10,6,4,vehicles,vehicles,0,0
16502,vehicles,boat,mirror,crossclassified,10,10,0,vehicles,vehicles,0,0
16856,vehicles,truck,airplane,crossclassified,10,6,4,vehicles,vehicles,0,0
37974,vehicles,trolley,wheel,crossclassified,9,7,2,vehicles,vehicles,0,0
28965,vehicles,motorcycle,headlight,crossclassified,9,9,0,vehicles,vehicles,0,0
30115,vehicles,boat,wooden,crossclassified,9,9,0,vehicles,home,0,0
30671,vehicles,boat,bridge,crossclassified,9,9,0,vehicles,buildings,0,0
31504,vehicles,road,mirror,crossclassified,9,6,3,buildings,vehicles,0,0
35160,vehicles,plane,pole,crossclassified,9,9,0,vehicles,buildings,0,0
35162,vehicles,airplane,pole,crossclassified,9,9,0,vehicles,buildings,0,0
36054,vehicles,car,umbrella,crossclassified,9,9,0,vehicles,buildings,0,0
36146,vehicles,wing,wheel,crossclassified,9,6,3,vehicles,vehicles,0,0
48446,vehicles,boat,house,crossclassified,9,9,0,vehicles,buildings,0,0
41093,vehicles,car,coat,crossclassified,9,9,0,vehicles,clothing,0,0
41227,vehicles,ship,dock,crossclassified,9,6,3,vehicles,buildings,0,0
42067,vehicles,motorcycle,windshield,crossclassified,9,9,0,vehicles,vehicles,0,0
42070,vehicles,bike,windshield,crossclassified,9,9,0,vehicles,vehicles,0,0
42497,vehicles,bike,headlight,crossclassified,9,9,0,vehicles,vehicles,0,0
44177,vehicles,boat,window,crossclassified,9,9,0,vehicles,home,0,0
44223,vehicles,jet,dropline,crossclassified,9,9,0,vehicles,vehicles,0,0
22493,vehicles,jet,airport,crossclassified,9,7,2,vehicles,vehicles,0,0
68018,vehicles,bird,vehicle,crossclassified,9,9,0,animals_plants,vehicles,0,0
26160,vehicles,motorcycle,motor scooter,crossclassified,9,9,0,vehicles,vehicles,0,0
31071,vehicles,plane,hang glider,crossclassified,9,6,3,vehicles,vehicles,0,0
20985,vehicles,pickup,jeep,crossclassified,9,5,4,vehicles,vehicles,0,0
9140,vehicles,boat,boat house,crossclassified,9,9,0,vehicles,vehicles,0,0
20357,vehicles,field,grass,crossclassified,9,7,2,animals_plants,animals_plants,0,0
2094,vehicles,truck,engine,crossclassified,9,7,2,vehicles,vehicles,0,0
2101,vehicles,bus,fire truck,crossclassified,9,8,1,vehicles,vehicles,0,0
2480,vehicles,boat,pul,crossclassified,9,9,0,vehicles,vehicles,0,0
3789,vehicles,plane,pant,crossclassified,9,9,0,vehicles,people,0,0
4522,vehicles,fire truck,car,crossclassified,9,8,1,vehicles,vehicles,0,0
5760,vehicles,train,automobile,crossclassified,9,9,0,vehicles,vehicles,0,0
6046,vehicles,wheel,pant,crossclassified,9,9,0,vehicles,people,0,0
7481,vehicles,building,vehicle,crossclassified,9,5,4,buildings,vehicles,0,0
3788,vehicles,airplane,pant,crossclassified,9,9,0,vehicles,people,0,0
9909,vehicles,truck,glass,crossclassified,9,9,0,vehicles,home,0,0
10111,vehicles,aircraft,wings,crossclassified,9,7,2,vehicles,vehicles,0,0
13779,vehicles,hood,vehicle,crossclassified,9,6,3,clothing,vehicles,0,0
14060,vehicles,meter,parking meter,crossclassified,9,8,1,vehicles,vehicles,0,0
14527,vehicles,car,motorbike,crossclassified,9,5,4,vehicles,vehicles,0,0
16286,vehicles,truck,windshield,crossclassified,9,8,1,vehicles,vehicles,0,0
16857,vehicles,plane,truck,crossclassified,9,9,0,vehicles,vehicles,0,0
10024,vehicles,engine,wheel,crossclassified,9,6,3,vehicles,vehicles,0,0
18379,vehicles,boat,submarine,crossclassified,9,9,0,vehicles,vehicles,0,0
32996,vehicles,truck,police car,crossclassified,8,5,3,vehicles,vehicles,0,0
42024,vehicles,car,police,crossclassified,8,8,0,vehicles,vehicles,0,0
41436,vehicles,wheel,motorcycles,crossclassified,8,4,4,vehicles,vehicles,0,0
39743,vehicles,airplane,light,crossclassified,8,8,0,vehicles,home,0,0
39739,vehicles,plane,light,crossclassified,8,8,0,vehicles,home,0,0
33834,vehicles,helmet,vehicle,crossclassified,8,4,4,people,vehicles,0,0
31516,vehicles,truck,fence,crossclassified,8,6,2,vehicles,buildings,0,0
32113,vehicles,ship,wood,crossclassified,8,7,1,vehicles,home,0,0
31570,vehicles,boat,railing,crossclassified,8,8,0,vehicles,buildings,0,0
31507,vehicles,vehicle,road,crossclassified,8,4,4,vehicles,buildings,0,0
28123,vehicles,car,fire engine,crossclassified,8,7,1,vehicles,vehicles,0,0
45227,vehicles,vehicle,helmet,crossclassified,8,4,4,vehicles,people,0,0
43583,vehicles,canoe,ship,crossclassified,8,8,0,vehicles,vehicles,0,0
64244,vehicles,train,suitcase,crossclassified,8,8,0,vehicles,home,0,0
46285,vehicles,road,vehicle,crossclassified,8,4,4,buildings,vehicles,0,0
46432,vehicles,hatch,trunk,crossclassified,8,5,3,vehicles,vehicles,0,0
46936,vehicles,wall,boat,crossclassified,8,6,2,home,vehicles,0,0
47111,vehicles,flight,aircraft,crossclassified,8,4,4,vehicles,vehicles,0,0
47405,vehicles,vehicle,bag,crossclassified,8,4,4,vehicles,people,0,0
48032,vehicles,truck,people,crossclassified,8,8,0,vehicles,people,0,0
58041,vehicles,skyline,city,crossclassified,8,8,0,vehicles,vehicles,0,0
58045,vehicles,airplane,city,crossclassified,8,8,0,vehicles,vehicles,0,0
61087,vehicles,aircraft,flight,crossclassified,8,4,4,vehicles,vehicles,0,0
63482,vehicles,motorcycles,wheel,crossclassified,8,4,4,vehicles,vehicles,0,0
76132,vehicles,van,tyre,crossclassified,8,8,0,vehicles,vehicles,0,0
85486,vehicles,deck,ship,crossclassified,8,8,0,vehicles,vehicles,0,0
25624,vehicles,train,tramcar,crossclassified,8,8,0,vehicles,vehicles,0,0
25745,vehicles,trunk,vehicle,crossclassified,8,5,3,vehicles,vehicles,0,0
69389,vehicles,surfboard,raft,crossclassified,8,8,0,vehicles,vehicles,0,0
25116,vehicles,car,animal,crossclassified,8,8,0,vehicles,animals_plants,0,0
12437,vehicles,boat,board,crossclassified,8,6,2,vehicles,home,0,0
24342,vehicles,bike,road,crossclassified,8,8,0,vehicles,buildings,0,0
4783,vehicles,truck,headlight,crossclassified,8,6,2,vehicles,vehicles,0,0
6029,vehicles,motorbike,bicycle,crossclassified,8,6,2,vehicles,vehicles,0,0
4332,vehicles,plane,car,crossclassified,8,7,1,vehicles,vehicles,0,0
6396,vehicles,helicopter,propeller,crossclassified,8,5,3,vehicles,vehicles,0,0
6539,vehicles,train,streetcar,crossclassified,8,8,0,vehicles,vehicles,0,0
6845,vehicles,truck,cargo,crossclassified,8,8,0,vehicles,vehicles,0,0
8893,vehicles,ship,chair,crossclassified,8,6,2,vehicles,home,0,0
9808,vehicles,wheel,window,crossclassified,8,7,1,vehicles,home,0,0
11040,vehicles,boat,belt,crossclassified,8,8,0,vehicles,animals_plants,0,0
11043,vehicles,dog,belt,crossclassified,8,8,0,animals_plants,animals_plants,0,0
11059,vehicles,boat,trawler,crossclassified,8,8,0,vehicles,vehicles,0,0
12257,vehicles,bag,vehicle,crossclassified,8,4,4,people,vehicles,0,0
7043,vehicles,bus,window,crossclassified,8,8,0,vehicles,home,0,0
13031,vehicles,train,railway,crossclassified,8,8,0,vehicles,buildings,0,0
20893,vehicles,car,belt,crossclassified,8,8,0,vehicles,animals_plants,0,0
13523,vehicles,car,person,crossclassified,8,8,0,vehicles,people,0,0
23976,vehicles,boat,shoe,crossclassified,8,8,0,vehicles,people,0,0
23189,vehicles,car,roof,crossclassified,8,8,0,vehicles,buildings,0,0
22586,vehicles,boat,bike,crossclassified,8,7,1,vehicles,vehicles,0,0
21455,vehicles,truck bed,car,crossclassified,8,5,3,vehicles,vehicles,0,0
21489,vehicles,scooter,mirror,crossclassified,8,8,0,vehicles,vehicles,0,0
20403,vehicles,wall,building,crossclassified,8,8,0,home,buildings,0,0
20122,vehicles,airplane,road,crossclassified,8,6,2,vehicles,buildings,0,0
19707,vehicles,car,dogs,crossclassified,8,8,0,vehicles,vehicles,0,0
18050,vehicles,train,pant,crossclassified,8,8,0,vehicles,people,0,0
14376,vehicles,dog,scooter,crossclassified,8,5,3,animals_plants,vehicles,0,0
39999,vehicles,bike,pant,crossclassified,7,7,0,vehicles,people,0,0
36281,vehicles,plane,hangar,crossclassified,7,7,0,vehicles,buildings,0,0
39998,vehicles,motorcycle,pant,crossclassified,7,7,0,vehicles,people,0,0
38878,vehicles,locomotive,caboose,crossclassified,7,4,3,vehicles,vehicles,0,0
38573,vehicles,motorbike,t-shirt,crossclassified,7,6,1,vehicles,clothing,0,0
37808,vehicles,jet,plain,crossclassified,7,6,1,vehicles,vehicles,0,0
36372,vehicles,airplane,mountain,crossclassified,7,7,0,vehicles,buildings,0,0
30773,vehicles,man,t-shirt,crossclassified,7,6,1,people,clothing,0,0
36279,vehicles,airplane,hangar,crossclassified,7,7,0,vehicles,buildings,0,0
35168,vehicles,motorbike,cycle,crossclassified,7,7,0,vehicles,people,0,0
34812,vehicles,truck,cat,crossclassified,7,4,3,vehicles,animals_plants,0,0
34809,vehicles,wheel,cat,crossclassified,7,5,2,vehicles,animals_plants,0,0
32790,vehicles,subway,bag,crossclassified,7,4,3,vehicles,people,0,0
31506,vehicles,truck,road,crossclassified,7,5,2,vehicles,buildings,0,0
40911,vehicles,airplane,window,crossclassified,7,6,1,vehicles,home,0,0
40631,vehicles,bus,subway,crossclassified,7,4,3,vehicles,vehicles,0,0
74592,vehicles,kite,whale,crossclassified,7,7,0,vehicles,vehicles,0,0
40912,vehicles,plane,window,crossclassified,7,6,1,vehicles,home,0,0
57606,vehicles,bike,dress,crossclassified,7,7,0,vehicles,clothing,0,0
74600,vehicles,balloon,whale,crossclassified,7,7,0,vehicles,vehicles,0,0
27470,vehicles,wheel,jacket,crossclassified,7,7,0,vehicles,clothing,0,0
72025,vehicles,truck,furniture,crossclassified,7,7,0,vehicles,home,0,0
70603,vehicles,building,gas station,crossclassified,7,5,2,buildings,vehicles,0,0
70597,vehicles,car,gas station,crossclassified,7,5,2,vehicles,vehicles,0,0
61316,vehicles,ship,sail,crossclassified,7,7,0,vehicles,vehicles,0,0
57093,vehicles,t-shirt,jacket,crossclassified,7,4,3,clothing,clothing,0,0
42559,vehicles,boat,cat,crossclassified,7,7,0,vehicles,animals_plants,0,0
53675,vehicles,car,pant,crossclassified,7,7,0,vehicles,people,0,0
49684,vehicles,plane,water,crossclassified,7,7,0,vehicles,home,0,0
49681,vehicles,airplane,water,crossclassified,7,7,0,vehicles,home,0,0
45260,vehicles,moped,car,crossclassified,7,7,0,vehicles,vehicles,0,0
43233,vehicles,man,shirt,crossclassified,7,6,1,people,clothing,0,0
42562,vehicles,dog,cat,crossclassified,7,7,0,animals_plants,animals_plants,0,0
29821,vehicles,truck,toy,crossclassified,7,5,2,vehicles,home,0,0
36381,vehicles,plane,mountain,crossclassified,7,7,0,vehicles,buildings,0,0
27320,vehicles,bike,vesicular,crossclassified,7,7,0,vehicles,vehicles,0,0
10516,vehicles,woman,shirt,crossclassified,7,4,3,people,clothing,0,0
10133,vehicles,train,cart,crossclassified,7,7,0,vehicles,vehicles,0,0
10025,vehicles,engine,caboose,crossclassified,7,4,3,vehicles,vehicles,0,0
8634,vehicles,train,tanker,crossclassified,7,7,0,vehicles,vehicles,0,0
8223,vehicles,windshield,automobile,crossclassified,7,4,3,vehicles,vehicles,0,0
8057,vehicles,train,lorry,crossclassified,7,6,1,vehicles,vehicles,0,0
7019,vehicles,bus,man,crossclassified,7,5,2,vehicles,people,0,0
5554,vehicles,plane,fuselage,crossclassified,7,7,0,vehicles,vehicles,0,0
5550,vehicles,airplane,fuselage,crossclassified,7,7,0,vehicles,vehicles,0,0
3848,vehicles,chair,dog,crossclassified,7,5,2,home,animals_plants,0,0
2672,vehicles,plane,cockpit,crossclassified,7,7,0,vehicles,vehicles,0,0
1734,vehicles,wing,engine,crossclassified,7,5,2,vehicles,vehicles,0,0
1731,vehicles,jet,engine,crossclassified,7,4,3,vehicles,vehicles,0,0
1279,vehicles,jet,military plane,crossclassified,7,7,0,vehicles,vehicles,0,0
141,vehicles,garbage truck,wheel,crossclassified,7,7,0,vehicles,vehicles,0,0
27319,vehicles,motorcycle,vesicular,crossclassified,7,7,0,vehicles,vehicles,0,0
10514,vehicles,car,dress,crossclassified,7,7,0,vehicles,clothing,0,0
2674,vehicles,airplane,cockpit,crossclassified,7,7,0,vehicles,vehicles,0,0
11381,vehicles,cap,wheel,crossclassified,7,5,2,people,vehicles,0,0
18304,vehicles,vehicle,bumper,crossclassified,7,6,1,vehicles,vehicles,0,0
26162,vehicles,moped,motor scooter,crossclassified,7,7,0,vehicles,vehicles,0,0
12071,vehicles,train,cargo,crossclassified,7,7,0,vehicles,vehicles,0,0
25147,vehicles,vehicle,animal,crossclassified,7,6,1,vehicles,animals_plants,0,0
21787,vehicles,horse,vehicle,crossclassified,7,4,3,animals_plants,vehicles,0,0
21469,vehicles,scooter,motor vehicle,crossclassified,7,7,0,vehicles,vehicles,0,0
21456,vehicles,truck bed,dog,crossclassified,7,5,2,vehicles,animals_plants,0,0
21491,vehicles,moped,mirror,crossclassified,7,6,1,vehicles,vehicles,0,0
16083,vehicles,car,carpet,crossclassified,7,7,0,vehicles,home,0,0
12804,vehicles,motorcycle,motorcyclist,crossclassified,7,7,0,vehicles,people,0,0
15292,vehicles,dog,window,crossclassified,7,6,1,animals_plants,home,0,0
13778,vehicles,car,windshield wiper,crossclassified,7,7,0,vehicles,vehicles,0,0
12805,vehicles,bike,motorcyclist,crossclassified,7,7,0,vehicles,people,0,0
12250,vehicles,motorbike,light,crossclassified,7,7,0,vehicles,home,0,0
37499,vehicles,vehicle,tree,crossclassified,6,5,1,vehicles,buildings,0,0
38368,vehicles,wheel,windshield,crossclassified,6,4,2,vehicles,vehicles,0,0
38744,vehicles,wing,mountain,crossclassified,6,6,0,vehicles,buildings,0,0
40311,vehicles,vehicle,pant,crossclassified,6,5,1,vehicles,people,0,0
44089,vehicles,mirror,t-shirt,crossclassified,6,5,1,vehicles,clothing,0,0
42028,vehicles,police,vehicle,crossclassified,6,4,2,vehicles,vehicles,0,0
46422,vehicles,door,trunk,crossclassified,6,5,1,home,vehicles,0,0
44594,vehicles,dog,van,crossclassified,6,6,0,animals_plants,vehicles,0,0
45383,vehicles,vehicle,motor,crossclassified,6,6,0,vehicles,vehicles,0,0
37136,vehicles,bus,motor home,crossclassified,6,6,0,vehicles,vehicles,0,0
46687,vehicles,vehicle,umbrella,crossclassified,6,4,2,vehicles,buildings,0,0
37141,vehicles,truck,motor home,crossclassified,6,6,0,vehicles,vehicles,0,0
33832,vehicles,car,helmet,crossclassified,6,6,0,vehicles,people,0,0
36768,vehicles,vehicle,wood,crossclassified,6,6,0,vehicles,home,0,0
36764,vehicles,car,wood,crossclassified,6,5,1,vehicles,home,0,0
36763,vehicles,wheel,wood,crossclassified,6,5,1,vehicles,home,0,0
35758,vehicles,plane,toy,crossclassified,6,6,0,vehicles,home,0,0
35756,vehicles,airplane,toy,crossclassified,6,6,0,vehicles,home,0,0
32698,vehicles,ship,shirt,crossclassified,6,6,0,vehicles,clothing,0,0
31836,vehicles,trailer,flatbed,crossclassified,6,6,0,vehicles,vehicles,0,0
31622,vehicles,train,graffiti,crossclassified,6,6,0,vehicles,vehicles,0,0
31517,vehicles,fence,vehicle,crossclassified,6,6,0,buildings,vehicles,0,0
48339,vehicles,car,chair,crossclassified,6,6,0,vehicles,home,0,0
31119,vehicles,woman,truck,crossclassified,6,3,3,people,vehicles,0,0
46943,vehicles,boat,man,crossclassified,6,6,0,vehicles,people,0,0
63731,vehicles,handlebar,bike,crossclassified,6,3,3,vehicles,vehicles,0,0
48448,vehicles,ship,house,crossclassified,6,4,2,vehicles,buildings,0,0
61126,vehicles,scooter,shoe,crossclassified,6,6,0,vehicles,people,0,0
30321,vehicles,bike,police,crossclassified,6,6,0,vehicles,vehicles,0,0
82680,vehicles,bike,handlebar,crossclassified,6,3,3,vehicles,vehicles,0,0
69395,vehicles,raft,dogs,crossclassified,6,6,0,vehicles,vehicles,0,0
69390,vehicles,surfboard,dogs,crossclassified,6,6,0,vehicles,vehicles,0,0
69341,vehicles,vehicle,parking meter,crossclassified,6,3,3,vehicles,vehicles,0,0
69149,vehicles,boat,canopy,crossclassified,6,6,0,vehicles,buildings,0,0
64780,vehicles,bus,t-shirt,crossclassified,6,3,3,vehicles,clothing,0,0
64260,vehicles,motorcycle,cat,crossclassified,6,6,0,vehicles,animals_plants,0,0
63729,vehicles,motorcycle,handlebar,crossclassified,6,6,0,vehicles,vehicles,0,0
61523,vehicles,plane,bike,crossclassified,6,6,0,vehicles,vehicles,0,0
61061,vehicles,houseboat,boat house,crossclassified,6,6,0,vehicles,vehicles,0,0
49355,vehicles,ship,bridge,crossclassified,6,5,1,vehicles,buildings,0,0
58360,vehicles,dog,t-shirt,crossclassified,6,6,0,animals_plants,clothing,0,0
57604,vehicles,motorcycle,dress,crossclassified,6,6,0,vehicles,clothing,0,0
57088,vehicles,scooter,t-shirt,crossclassified,6,5,1,vehicles,clothing,0,0
56974,vehicles,truck,banana,crossclassified,6,6,0,vehicles,home,0,0
56076,vehicles,motorcycle,policeman,crossclassified,6,6,0,vehicles,vehicles,0,0
54389,vehicles,car,antique,crossclassified,6,6,0,vehicles,home,0,0
53726,vehicles,vehicle,toy,crossclassified,6,3,3,vehicles,home,0,0
53644,vehicles,wheel,glass,crossclassified,6,6,0,vehicles,home,0,0
51718,vehicles,suv,t-shirt,crossclassified,6,5,1,vehicles,clothing,0,0
50328,vehicles,toy,vehicle,crossclassified,6,3,3,home,vehicles,0,0
30641,vehicles,truck,trolley,crossclassified,6,5,1,vehicles,vehicles,0,0
21805,vehicles,truck,tram,crossclassified,6,6,0,vehicles,vehicles,0,0
30320,vehicles,motorcycle,police,crossclassified,6,6,0,vehicles,vehicles,0,0
16288,vehicles,truck,boxcar,crossclassified,6,6,0,vehicles,vehicles,0,0
14062,vehicles,parking meter,vehicle,crossclassified,6,3,3,vehicles,vehicles,0,0
13817,vehicles,subway,tram,crossclassified,6,5,1,vehicles,vehicles,0,0
13522,vehicles,car,boy,crossclassified,6,6,0,vehicles,people,0,0
12435,vehicles,boat,river,crossclassified,6,6,0,vehicles,people,0,0
12295,vehicles,car,hydrant,crossclassified,6,6,0,vehicles,clothing,0,0
11208,vehicles,boat,trailer,crossclassified,6,6,0,vehicles,vehicles,0,0
11061,vehicles,ship,trawler,crossclassified,6,6,0,vehicles,vehicles,0,0
11060,vehicles,boat,harbor,crossclassified,6,4,2,vehicles,vehicles,0,0
11042,vehicles,dog,shirt,crossclassified,6,5,1,animals_plants,clothing,0,0
10923,vehicles,wheel,cargo,crossclassified,6,6,0,vehicles,vehicles,0,0
10536,vehicles,truck,dress,crossclassified,6,6,0,vehicles,clothing,0,0
10517,vehicles,truck,woman,crossclassified,6,3,3,vehicles,people,0,0
9346,vehicles,boat,cruise liner,crossclassified,6,6,0,vehicles,vehicles,0,0
8160,vehicles,scooter,vesta,crossclassified,6,6,0,vehicles,vehicles,0,0
6546,vehicles,bus,streetcar,crossclassified,6,6,0,vehicles,vehicles,0,0
5848,vehicles,car,rearview mirror,crossclassified,6,6,0,vehicles,vehicles,0,0
5753,vehicles,vehicle,table,crossclassified,6,5,1,vehicles,home,0,0
5328,vehicles,taxi,van,crossclassified,6,5,1,vehicles,vehicles,0,0
2559,vehicles,subway,vehicle,crossclassified,6,5,1,vehicles,vehicles,0,0
2209,vehicles,train,monorail,crossclassified,6,6,0,vehicles,vehicles,0,0
2003,vehicles,boat,woman,crossclassified,6,6,0,vehicles,people,0,0
29822,vehicles,wheel,toy,crossclassified,6,4,2,vehicles,home,0,0
388,vehicles,train,platform,crossclassified,6,6,0,vehicles,buildings,0,0
14896,vehicles,boat,bow,crossclassified,6,6,0,vehicles,clothing,0,0
8159,vehicles,motorcycle,vesta,crossclassified,6,6,0,vehicles,vehicles,0,0
17124,vehicles,train,windshield,crossclassified,6,6,0,vehicles,vehicles,0,0
21824,vehicles,ship,water,crossclassified,6,5,1,vehicles,home,0,0
27923,vehicles,person,vehicle,crossclassified,6,4,2,people,vehicles,0,0
17248,vehicles,truck,shop,crossclassified,6,5,1,vehicles,buildings,0,0
28204,vehicles,helicopter,wings,crossclassified,6,5,1,vehicles,vehicles,0,0
27465,vehicles,truck,jacket,crossclassified,6,6,0,vehicles,clothing,0,0
26173,vehicles,train,animal,crossclassified,6,6,0,vehicles,animals_plants,0,0
25828,vehicles,t-shirt,bus,crossclassified,6,3,3,clothing,vehicles,0,0
23688,vehicles,scooter,transportation,crossclassified,6,6,0,vehicles,vehicles,0,0
23419,vehicles,trolley,car,crossclassified,6,4,2,vehicles,vehicles,0,0
23191,vehicles,vehicle,roof,crossclassified,6,6,0,vehicles,buildings,0,0
22490,vehicles,tarmac,airport,crossclassified,6,6,0,vehicles,vehicles,0,0
25114,vehicles,car,bridge,crossclassified,6,4,2,vehicles,buildings,0,0
18437,vehicles,train,fire truck,crossclassified,6,5,1,vehicles,vehicles,0,0
20350,vehicles,runway,ground,crossclassified,6,6,0,vehicles,home,0,0
17722,vehicles,plane,jacket,crossclassified,6,6,0,vehicles,clothing,0,0
21025,vehicles,bike,decals,crossclassified,6,6,0,vehicles,vehicles,0,0
17717,vehicles,airplane,jacket,crossclassified,6,6,0,vehicles,clothing,0,0
19487,vehicles,boat,pool,crossclassified,6,6,0,vehicles,home,0,0
19977,vehicles,subway,door,crossclassified,6,5,1,vehicles,home,0,0
20376,vehicles,tarmac,ground,crossclassified,6,6,0,vehicles,home,0,0
20390,vehicles,airplane,ground,crossclassified,6,6,0,vehicles,home,0,0
21024,vehicles,motorcycle,decals,crossclassified,6,6,0,vehicles,vehicles,0,0
42496,vehicles,wheel,headlight,crossclassified,5,3,2,vehicles,vehicles,0,0
45308,vehicles,truck,bed,crossclassified,5,5,0,vehicles,home,0,0
42563,vehicles,dog,pole,crossclassified,5,5,0,animals_plants,buildings,0,0
42579,vehicles,truck,animal,crossclassified,5,5,0,vehicles,animals_plants,0,0
43755,vehicles,boat,dress,crossclassified,5,5,0,vehicles,clothing,0,0
41861,vehicles,dog,pickup,crossclassified,5,5,0,animals_plants,vehicles,0,0
44402,vehicles,wheel,meter,crossclassified,5,4,1,vehicles,vehicles,0,0
52515,vehicles,vehicle,chair,crossclassified,5,4,1,vehicles,home,0,0
46433,vehicles,hatchback,hatch,crossclassified,5,3,2,vehicles,vehicles,0,0
46444,vehicles,trunk,hatchback,crossclassified,5,5,0,vehicles,vehicles,0,0
46777,vehicles,propeller,engine,crossclassified,5,4,1,vehicles,vehicles,0,0
48620,vehicles,bus,sign,crossclassified,5,5,0,vehicles,buildings,0,0
49888,vehicles,vehicle,cap,crossclassified,5,3,2,vehicles,people,0,0
40877,vehicles,van,light,crossclassified,5,4,1,vehicles,home,0,0
52034,vehicles,suv,bike,crossclassified,5,3,2,vehicles,vehicles,0,0
41048,vehicles,door,window,crossclassified,5,5,0,home,home,0,0
36981,vehicles,motorcycle,toy,crossclassified,5,5,0,vehicles,home,0,0
40163,vehicles,wheel,motor,crossclassified,5,5,0,vehicles,vehicles,0,0
36765,vehicles,pickup truck,automobile,crossclassified,5,3,2,vehicles,vehicles,0,0
31810,vehicles,truck,trucked,crossclassified,5,5,0,vehicles,vehicles,0,0
53697,vehicles,building,window,crossclassified,5,3,2,buildings,home,0,0
33607,vehicles,raft,shirt,crossclassified,5,5,0,vehicles,clothing,0,0
34477,vehicles,airplane,earphone,crossclassified,5,5,0,vehicles,vehicles,0,0
34478,vehicles,plane,earphone,crossclassified,5,5,0,vehicles,vehicles,0,0
35649,vehicles,wheel,door,crossclassified,5,5,0,vehicles,home,0,0
37171,vehicles,field,horse,crossclassified,5,5,0,animals_plants,animals_plants,0,0
39973,vehicles,shirt,mirror,crossclassified,5,3,2,clothing,vehicles,0,0
37181,vehicles,grass,horse,crossclassified,5,5,0,animals_plants,animals_plants,0,0
37385,vehicles,woman,picture,crossclassified,5,5,0,people,home,0,0
37540,vehicles,van,vegetable,crossclassified,5,5,0,vehicles,food,0,0
37548,vehicles,truck,vegetable,crossclassified,5,5,0,vehicles,food,0,0
37791,vehicles,bicycle,moped,crossclassified,5,3,2,vehicles,vehicles,0,0
38972,vehicles,wheel,tow truck,crossclassified,5,3,2,vehicles,vehicles,0,0
53544,vehicles,canoe,t-shirt,crossclassified,5,4,1,vehicles,clothing,0,0
65857,vehicles,boat,marina,crossclassified,5,3,2,vehicles,vehicles,0,0
54077,vehicles,vehicle,board,crossclassified,5,5,0,vehicles,home,0,0
72198,vehicles,wheel,biplane,crossclassified,5,3,2,vehicles,vehicles,0,0
64614,vehicles,boat,wagon,crossclassified,5,5,0,vehicles,vehicles,0,0
64715,vehicles,mirror,class,crossclassified,5,5,0,vehicles,people,0,0
65347,vehicles,train,toy,crossclassified,5,5,0,vehicles,home,0,0
69150,vehicles,boat,tarp,crossclassified,5,5,0,vehicles,home,0,0
69156,vehicles,canopy,tarp,crossclassified,5,5,0,buildings,home,0,0
71602,vehicles,motorcycle,cover,crossclassified,5,5,0,vehicles,home,0,0
76971,vehicles,bus,tyre,crossclassified,5,5,0,vehicles,vehicles,0,0
64261,vehicles,scooter,cat,crossclassified,5,5,0,vehicles,animals_plants,0,0
80665,vehicles,truck,taxi,crossclassified,5,5,0,vehicles,vehicles,0,0
82418,vehicles,motor bike,tyre,crossclassified,5,5,0,vehicles,vehicles,0,0
82676,vehicles,mirror,handlebar,crossclassified,5,5,0,vehicles,vehicles,0,0
83507,vehicles,jet,complainer,crossclassified,5,5,0,vehicles,vehicles,0,0
85904,vehicles,umbrella,trolley,crossclassified,5,5,0,buildings,vehicles,0,0
31529,vehicles,train,windows,crossclassified,5,5,0,vehicles,vehicles,0,0
64594,vehicles,truck,stairs,crossclassified,5,5,0,vehicles,buildings,0,0
64247,vehicles,bottle,suitcase,crossclassified,5,5,0,home,home,0,0
54279,vehicles,wheel,minivan,crossclassified,5,5,0,vehicles,vehicles,0,0
58985,vehicles,t-shirt,pant,crossclassified,5,3,2,clothing,people,0,0
54388,vehicles,truck,antique,crossclassified,5,5,0,vehicles,home,0,0
55740,vehicles,mirror,railing,crossclassified,5,5,0,vehicles,buildings,0,0
55857,vehicles,car,sidewalk,crossclassified,5,5,0,vehicles,buildings,0,0
56089,vehicles,policeman,bike,crossclassified,5,3,2,vehicles,vehicles,0,0
56102,vehicles,bike,person,crossclassified,5,3,2,vehicles,people,0,0
58537,vehicles,vehicle,hydrant,crossclassified,5,3,2,vehicles,clothing,0,0
59350,vehicles,train,glass,crossclassified,5,5,0,vehicles,home,0,0
64243,vehicles,train,bottle,crossclassified,5,5,0,vehicles,home,0,0
59369,vehicles,boat,cow,crossclassified,5,5,0,vehicles,animals_plants,0,0
61039,vehicles,vehicle,flight,crossclassified,5,4,1,vehicles,vehicles,0,0
61521,vehicles,helicopter,bike,crossclassified,5,5,0,vehicles,vehicles,0,0
61522,vehicles,airplane,bike,crossclassified,5,3,2,vehicles,vehicles,0,0
62524,vehicles,wheel,buggy,crossclassified,5,3,2,vehicles,vehicles,0,0
62534,vehicles,wagon,buggy,crossclassified,5,5,0,vehicles,vehicles,0,0
31573,vehicles,canoe,shirt,crossclassified,5,4,1,vehicles,clothing,0,0
12247,vehicles,scooter,light,crossclassified,5,5,0,vehicles,home,0,0
31520,vehicles,motorcycle,fence,crossclassified,5,4,1,vehicles,buildings,0,0
11436,vehicles,plane,bag,crossclassified,5,5,0,vehicles,people,0,0
9142,vehicles,ship,pul,crossclassified,5,4,1,vehicles,vehicles,0,0
9624,vehicles,wheel,fire engine,crossclassified,5,4,1,vehicles,vehicles,0,0
10502,vehicles,van,woman,crossclassified,5,5,0,vehicles,people,0,0
10630,vehicles,wheel,delivery truck,crossclassified,5,5,0,vehicles,vehicles,0,0
10891,vehicles,wheel,chopper,crossclassified,5,5,0,vehicles,vehicles,0,0
11062,vehicles,ship,harbor,crossclassified,5,4,1,vehicles,vehicles,0,0
11437,vehicles,airplane,bag,crossclassified,5,5,0,vehicles,people,0,0
8631,vehicles,train,tank,crossclassified,5,5,0,vehicles,home,0,0
11690,vehicles,sailboat,yacht,crossclassified,5,5,0,vehicles,vehicles,0,0
12301,vehicles,van,helmet,crossclassified,5,5,0,vehicles,people,0,0
12304,vehicles,truck,helmet,crossclassified,5,5,0,vehicles,people,0,0
13874,vehicles,airplane,ladder,crossclassified,5,5,0,vehicles,buildings,0,0
14814,vehicles,caboose,boxcar,crossclassified,5,4,1,vehicles,vehicles,0,0
15005,vehicles,dog,ship,crossclassified,5,5,0,animals_plants,vehicles,0,0
8674,vehicles,train,headlight,crossclassified,5,5,0,vehicles,vehicles,0,0
8163,vehicles,bike,vesta,crossclassified,5,5,0,vehicles,vehicles,0,0
15022,vehicles,dog,car mirror,crossclassified,5,5,0,animals_plants,vehicles,0,0
5996,vehicles,woman,t-shirt,crossclassified,5,5,0,people,clothing,0,0
31513,vehicles,mirror,building,crossclassified,5,3,2,vehicles,buildings,0,0
67,vehicles,car,tailgate,crossclassified,5,5,0,vehicles,vehicles,0,0
2205,vehicles,train,wire,crossclassified,5,5,0,vehicles,home,0,0
2558,vehicles,subway,subway train,crossclassified,5,5,0,vehicles,vehicles,0,0
5907,vehicles,wheel,number plate,crossclassified,5,3,2,vehicles,vehicles,0,0
5990,vehicles,train,woman,crossclassified,5,5,0,vehicles,people,0,0
6032,vehicles,boat,flag,crossclassified,5,5,0,vehicles,animals_plants,0,0
8162,vehicles,moped,vesta,crossclassified,5,5,0,vehicles,vehicles,0,0
6033,vehicles,ship,flag,crossclassified,5,5,0,vehicles,animals_plants,0,0
6048,vehicles,van,pant,crossclassified,5,4,1,vehicles,people,0,0
6109,vehicles,jet,areopagite,crossclassified,5,5,0,vehicles,vehicles,0,0
6767,vehicles,car,buggy,crossclassified,5,5,0,vehicles,vehicles,0,0
6788,vehicles,train,trolley car,crossclassified,5,5,0,vehicles,vehicles,0,0
6846,vehicles,truck,buggy,crossclassified,5,5,0,vehicles,vehicles,0,0
15019,vehicles,mirror,car window,crossclassified,5,5,0,vehicles,vehicles,0,0
6008,vehicles,t-shirt,dress,crossclassified,5,5,0,clothing,clothing,0,0
15245,vehicles,truck,boy,crossclassified,5,5,0,vehicles,people,0,0
25736,vehicles,car,luggage,crossclassified,5,5,0,vehicles,home,0,0
23566,vehicles,truck,track,crossclassified,5,5,0,vehicles,vehicles,0,0
23689,vehicles,motorbike,transportation,crossclassified,5,5,0,vehicles,vehicles,0,0
24256,vehicles,canoe,dog,crossclassified,5,5,0,vehicles,animals_plants,0,0
25120,vehicles,dashboard,vehicle,crossclassified,5,5,0,vehicles,vehicles,0,0
25581,vehicles,plane,door,crossclassified,5,4,1,vehicles,home,0,0
25716,vehicles,truck,bicycle,crossclassified,5,5,0,vehicles,vehicles,0,0
25740,vehicles,van,jacket,crossclassified,5,5,0,vehicles,clothing,0,0
22466,vehicles,truck,men,crossclassified,5,5,0,vehicles,people,0,0
26026,vehicles,boat,boy,crossclassified,5,5,0,vehicles,people,0,0
26245,vehicles,bus,railcar,crossclassified,5,5,0,vehicles,vehicles,0,0
29881,vehicles,car,engine,crossclassified,5,3,2,vehicles,vehicles,0,0
30000,vehicles,airplane,steel,crossclassified,5,5,0,vehicles,home,0,0
15316,vehicles,van,trailer,crossclassified,5,3,2,vehicles,vehicles,0,0
30001,vehicles,plane,steel,crossclassified,5,5,0,vehicles,home,0,0
23413,vehicles,locomotive,car,crossclassified,5,3,2,vehicles,vehicles,0,0
26158,vehicles,scooter,automobile,crossclassified,5,4,1,vehicles,vehicles,0,0
22424,vehicles,jeep,tire,crossclassified,5,5,0,vehicles,vehicles,0,0
20131,vehicles,runway,jet,crossclassified,5,3,2,vehicles,vehicles,0,0
21804,vehicles,caboose,truck,crossclassified,5,3,2,vehicles,vehicles,0,0
15326,vehicles,car,board,crossclassified,5,5,0,vehicles,home,0,0
16228,vehicles,truck,tailor,crossclassified,5,5,0,vehicles,vehicles,0,0
17252,vehicles,truck,store,crossclassified,5,5,0,vehicles,buildings,0,0
18877,vehicles,ship,ferry boat,crossclassified,5,5,0,vehicles,vehicles,0,0
19838,vehicles,semi,train,crossclassified,5,3,2,vehicles,vehicles,0,0
16468,vehicles,yacht,cruise ship,crossclassified,5,3,2,vehicles,vehicles,0,0
21084,vehicles,road,parking lot,crossclassified,5,5,0,buildings,vehicles,0,0
21072,vehicles,tarmac,parking lot,crossclassified,5,5,0,vehicles,vehicles,0,0
21462,vehicles,train,rail car,crossclassified,5,5,0,vehicles,vehicles,0,0
20141,vehicles,tarmac,jet,crossclassified,5,3,2,vehicles,vehicles,0,0
16095,vehicles,boat,pier,crossclassified,5,5,0,vehicles,buildings,0,0
21061,vehicles,runway,parking lot,crossclassified,5,5,0,vehicles,vehicles,0,0
20371,vehicles,road,ground,crossclassified,5,3,2,buildings,home,0,0
51461,vehicles,ship,houseboat,crossclassified,4,4,0,vehicles,vehicles,0,0
47033,vehicles,vehicle,timbuktu,crossclassified,4,4,0,vehicles,vehicles,0,0
47037,vehicles,cart,timbuktu,crossclassified,4,4,0,vehicles,vehicles,0,0
46284,vehicles,headlight,van,crossclassified,4,2,2,vehicles,vehicles,0,0
47043,vehicles,car,timbuktu,crossclassified,4,4,0,vehicles,vehicles,0,0
47924,vehicles,motorbike,chopper,crossclassified,4,4,0,vehicles,vehicles,0,0
48447,vehicles,ship,steamboat,crossclassified,4,4,0,vehicles,vehicles,0,0
48700,vehicles,truck,chair,crossclassified,4,4,0,vehicles,home,0,0
50541,vehicles,motorcycle,person,crossclassified,4,4,0,vehicles,people,0,0
50621,vehicles,ferry,dock,crossclassified,4,4,0,vehicles,buildings,0,0
50782,vehicles,train,train station,crossclassified,4,4,0,vehicles,buildings,0,0
46080,vehicles,scooter,motor,crossclassified,4,4,0,vehicles,vehicles,0,0
54086,vehicles,wheel,board,crossclassified,4,3,1,vehicles,home,0,0
52033,vehicles,suv,glass,crossclassified,4,4,0,vehicles,home,0,0
52037,vehicles,motorbike,automobile,crossclassified,4,2,2,vehicles,vehicles,0,0
53672,vehicles,car,tree,crossclassified,4,4,0,vehicles,buildings,0,0
53673,vehicles,car,car door,crossclassified,4,4,0,vehicles,vehicles,0,0
53681,vehicles,mirror,tree,crossclassified,4,3,1,vehicles,buildings,0,0
54076,vehicles,vehicle,number plate,crossclassified,4,4,0,vehicles,vehicles,0,0
54391,vehicles,vehicle,antique,crossclassified,4,4,0,vehicles,home,0,0
55077,vehicles,boat,laptop,crossclassified,4,4,0,vehicles,home,0,0
55331,vehicles,wheel,trucks,crossclassified,4,4,0,vehicles,vehicles,0,0
55671,vehicles,bench,dock,crossclassified,4,3,1,home,buildings,0,0
55858,vehicles,sidewalk,truck,crossclassified,4,4,0,buildings,vehicles,0,0
45583,vehicles,motorcycle,trailer,crossclassified,4,4,0,vehicles,vehicles,0,0
55939,vehicles,car,motor bike,crossclassified,4,2,2,vehicles,vehicles,0,0
45907,vehicles,motorbike,tire,crossclassified,4,4,0,vehicles,vehicles,0,0
38854,vehicles,boat,pant,crossclassified,4,4,0,vehicles,people,0,0
45312,vehicles,car,bed,crossclassified,4,4,0,vehicles,home,0,0
44178,vehicles,boat,van,crossclassified,4,4,0,vehicles,vehicles,0,0
56101,vehicles,bike,cap,crossclassified,4,4,0,vehicles,people,0,0
36682,vehicles,wheel,horse,crossclassified,4,3,1,vehicles,animals_plants,0,0
36685,vehicles,vehicle,belt,crossclassified,4,3,1,vehicles,animals_plants,0,0
36980,vehicles,motorcycle,clock,crossclassified,4,4,0,vehicles,buildings,0,0
36995,vehicles,bike,toy,crossclassified,4,4,0,vehicles,home,0,0
36996,vehicles,bike,table,crossclassified,4,4,0,vehicles,home,0,0
37145,vehicles,wheel,motor home,crossclassified,4,4,0,vehicles,vehicles,0,0
37395,vehicles,picture,car,crossclassified,4,4,0,home,vehicles,0,0
38319,vehicles,truck,coat,crossclassified,4,4,0,vehicles,clothing,0,0
38369,vehicles,windshield,mirror,crossclassified,4,3,1,vehicles,vehicles,0,0
38509,vehicles,ship,shoe,crossclassified,4,4,0,vehicles,people,0,0
38745,vehicles,wing,sky,crossclassified,4,4,0,vehicles,vehicles,0,0
38973,vehicles,wheel,flatbed,crossclassified,4,4,0,vehicles,vehicles,0,0
38986,vehicles,wheel,road,crossclassified,4,4,0,vehicles,buildings,0,0
40015,vehicles,wheel,wings,crossclassified,4,4,0,vehicles,vehicles,0,0
40290,vehicles,wheel,flight,crossclassified,4,4,0,vehicles,vehicles,0,0
40876,vehicles,wheel,table,crossclassified,4,3,1,vehicles,home,0,0
41858,vehicles,truck,belt,crossclassified,4,3,1,vehicles,animals_plants,0,0
42025,vehicles,police car,police,crossclassified,4,3,1,vehicles,vehicles,0,0
42174,vehicles,ship,car,crossclassified,4,2,2,vehicles,vehicles,0,0
42186,vehicles,truck,water,crossclassified,4,4,0,vehicles,home,0,0
42449,vehicles,wheel,belt,crossclassified,4,4,0,vehicles,animals_plants,0,0
42570,vehicles,water,cat,crossclassified,4,2,2,home,animals_plants,0,0
42638,vehicles,hang glider,parachute,crossclassified,4,3,1,vehicles,vehicles,0,0
42647,vehicles,parachute,kite,crossclassified,4,4,0,vehicles,vehicles,0,0
56080,vehicles,man,policeman,crossclassified,4,4,0,people,vehicles,0,0
68469,vehicles,moped,cat,crossclassified,4,2,2,vehicles,animals_plants,0,0
56107,vehicles,cap,t-shirt,crossclassified,4,3,1,people,clothing,0,0
56115,vehicles,wheel,motorcyclist,crossclassified,4,3,1,vehicles,people,0,0
65298,vehicles,train,wood,crossclassified,4,4,0,vehicles,home,0,0
65649,vehicles,truck,board,crossclassified,4,4,0,vehicles,home,0,0
67365,vehicles,train,cake,crossclassified,4,4,0,vehicles,food,0,0
67747,vehicles,vehicle,truck bed,crossclassified,4,3,1,vehicles,vehicles,0,0
69080,vehicles,buggy,train,crossclassified,4,4,0,vehicles,vehicles,0,0
69151,vehicles,boat,tent,crossclassified,4,4,0,vehicles,buildings,0,0
69392,vehicles,boat,surfboard,crossclassified,4,2,2,vehicles,vehicles,0,0
69469,vehicles,sign,vehicle,crossclassified,4,2,2,buildings,vehicles,0,0
71605,vehicles,cover,bike,crossclassified,4,4,0,home,vehicles,0,0
72490,vehicles,man,suv,crossclassified,4,4,0,people,vehicles,0,0
72500,vehicles,person,wheel,crossclassified,4,2,2,people,vehicles,0,0
73972,vehicles,vehicle,pump,crossclassified,4,2,2,vehicles,vehicles,0,0
75448,vehicles,bike,fence,crossclassified,4,4,0,vehicles,buildings,0,0
77827,vehicles,boat,bot,crossclassified,4,4,0,vehicles,vehicles,0,0
78689,vehicles,suv,bag,crossclassified,4,4,0,vehicles,people,0,0
78692,vehicles,van,bag,crossclassified,4,2,2,vehicles,people,0,0
82004,vehicles,cat,water,crossclassified,4,2,2,animals_plants,home,0,0
83396,vehicles,dirt bike,tyre,crossclassified,4,4,0,vehicles,vehicles,0,0
84029,vehicles,ambulance,fire engine,crossclassified,4,2,2,vehicles,vehicles,0,0
84257,vehicles,boat,shopper,crossclassified,4,4,0,vehicles,people,0,0
84258,vehicles,ship,shopper,crossclassified,4,4,0,vehicles,people,0,0
85487,vehicles,deck,chair,crossclassified,4,4,0,vehicles,home,0,0
86360,vehicles,car,snow,crossclassified,4,4,0,vehicles,people,0,0
86497,vehicles,rearview mirror,window,crossclassified,4,2,2,vehicles,home,0,0
36324,vehicles,automobile,motorbike,crossclassified,4,2,2,vehicles,vehicles,0,0
64889,vehicles,track,wheel,crossclassified,4,3,1,vehicles,vehicles,0,0
64463,vehicles,dashboard,windshield wiper,crossclassified,4,4,0,vehicles,vehicles,0,0
64263,vehicles,cat,moped,crossclassified,4,2,2,animals_plants,vehicles,0,0
61604,vehicles,tail,jet,crossclassified,4,3,1,animals_plants,vehicles,0,0
56805,vehicles,van,glass,crossclassified,4,4,0,vehicles,home,0,0
56814,vehicles,meter,machine,crossclassified,4,4,0,vehicles,home,0,0
57070,vehicles,van,man,crossclassified,4,4,0,vehicles,people,0,0
57091,vehicles,moped,t-shirt,crossclassified,4,2,2,vehicles,clothing,0,0
58706,vehicles,car,ship,crossclassified,4,2,2,vehicles,vehicles,0,0
58986,vehicles,boat,bird,crossclassified,4,4,0,vehicles,animals_plants,0,0
60345,vehicles,window,rearview mirror,crossclassified,4,2,2,home,vehicles,0,0
60467,vehicles,pump,vehicle,crossclassified,4,2,2,vehicles,vehicles,0,0
60502,vehicles,t-shirt,jeep,crossclassified,4,3,1,clothing,vehicles,0,0
61062,vehicles,houseboat,window,crossclassified,4,3,1,vehicles,home,0,0
61594,vehicles,dirt bike,cycle,crossclassified,4,4,0,vehicles,people,0,0
61702,vehicles,t-shirt,moped,crossclassified,4,2,2,clothing,vehicles,0,0
63517,vehicles,bike,child,crossclassified,4,4,0,vehicles,people,0,0
61870,vehicles,t-shirt,shoe,crossclassified,4,4,0,clothing,people,0,0
61980,vehicles,suv,shirt,crossclassified,4,4,0,vehicles,clothing,0,0
62516,vehicles,cart,cargo,crossclassified,4,4,0,vehicles,vehicles,0,0
62531,vehicles,wagon,cargo,crossclassified,4,4,0,vehicles,vehicles,0,0
62539,vehicles,trailer,cargo,crossclassified,4,2,2,vehicles,vehicles,0,0
62540,vehicles,vehicle,cargo,crossclassified,4,2,2,vehicles,vehicles,0,0
62665,vehicles,car,player,crossclassified,4,4,0,vehicles,people,0,0
63120,vehicles,truck,helicopter,crossclassified,4,4,0,vehicles,vehicles,0,0
63122,vehicles,helicopter,boat,crossclassified,4,4,0,vehicles,vehicles,0,0
63403,vehicles,tractor,jeep,crossclassified,4,2,2,vehicles,vehicles,0,0
63509,vehicles,motorcycle,child,crossclassified,4,4,0,vehicles,people,0,0
36492,vehicles,car,tie,crossclassified,4,4,0,vehicles,clothing,0,0
51780,vehicles,subway,railcar,crossclassified,4,4,0,vehicles,vehicles,0,0
36065,vehicles,wheel,person,crossclassified,4,2,2,vehicles,people,0,0
11369,vehicles,plane,cap,crossclassified,4,4,0,vehicles,people,0,0
11438,vehicles,wheel,bag,crossclassified,4,4,0,vehicles,people,0,0
12039,vehicles,car,toyota,crossclassified,4,4,0,vehicles,vehicles,0,0
12041,vehicles,truck,toyota,crossclassified,4,4,0,vehicles,vehicles,0,0
12068,vehicles,train,boxcars,crossclassified,4,4,0,vehicles,vehicles,0,0
12077,vehicles,sign,railcar,crossclassified,4,2,2,buildings,vehicles,0,0
12254,vehicles,moped,light,crossclassified,4,4,0,vehicles,home,0,0
12255,vehicles,bike,bag,crossclassified,4,4,0,vehicles,people,0,0
12439,vehicles,surfboard,boat,crossclassified,4,2,2,vehicles,vehicles,0,0
13527,vehicles,boy,vehicle,crossclassified,4,3,1,people,vehicles,0,0
13777,vehicles,car,bench,crossclassified,4,4,0,vehicles,home,0,0
13785,vehicles,vehicle,bench,crossclassified,4,3,1,vehicles,home,0,0
13786,vehicles,vehicle,windshield wiper,crossclassified,4,4,0,vehicles,vehicles,0,0
15024,vehicles,dog,car window,crossclassified,4,4,0,animals_plants,vehicles,0,0
15025,vehicles,vehicle,car mirror,crossclassified,4,4,0,vehicles,vehicles,0,0
15028,vehicles,car,car window,crossclassified,4,4,0,vehicles,vehicles,0,0
15247,vehicles,car,bat,crossclassified,4,4,0,vehicles,people,0,0
15306,vehicles,truck,semitrailer,crossclassified,4,4,0,vehicles,vehicles,0,0
16291,vehicles,trailer,boxcar,crossclassified,4,3,1,vehicles,vehicles,0,0
16293,vehicles,cargo,trailer,crossclassified,4,2,2,vehicles,vehicles,0,0
16391,vehicles,trolley,cart,crossclassified,4,3,1,vehicles,vehicles,0,0
17788,vehicles,airplane,animal,crossclassified,4,4,0,vehicles,animals_plants,0,0
17789,vehicles,plane,animal,crossclassified,4,4,0,vehicles,animals_plants,0,0
18701,vehicles,vehicle,sign,crossclassified,4,2,2,vehicles,buildings,0,0
18704,vehicles,truck,sign,crossclassified,4,3,1,vehicles,buildings,0,0
19062,vehicles,truck,cab,crossclassified,4,4,0,vehicles,people,0,0
11382,vehicles,man,cap,crossclassified,4,3,1,people,people,0,0
11152,vehicles,boat,banana,crossclassified,4,4,0,vehicles,home,0,0
20049,vehicles,motor bike,car,crossclassified,4,2,2,vehicles,vehicles,0,0
10920,vehicles,wheel,ferry,crossclassified,4,3,1,vehicles,vehicles,0,0
2540,vehicles,tanker,wheel,crossclassified,4,3,1,vehicles,vehicles,0,0
3517,vehicles,truck,humvee,crossclassified,4,4,0,vehicles,vehicles,0,0
4055,vehicles,train,machine,crossclassified,4,3,1,vehicles,home,0,0
4796,vehicles,van,headlight,crossclassified,4,2,2,vehicles,vehicles,0,0
5727,vehicles,bag,van,crossclassified,4,2,2,people,vehicles,0,0
5759,vehicles,van,table,crossclassified,4,4,0,vehicles,home,0,0
5847,vehicles,car,elephant,crossclassified,4,4,0,vehicles,home,0,0
6007,vehicles,t-shirt,pole,crossclassified,4,4,0,clothing,buildings,0,0
6395,vehicles,aircraft,propeller,crossclassified,4,3,1,vehicles,vehicles,0,0
6854,vehicles,cargo,vehicle,crossclassified,4,2,2,vehicles,vehicles,0,0
7482,vehicles,building,pole,crossclassified,4,4,0,buildings,buildings,0,0
8072,vehicles,motorcycle,monad,crossclassified,4,4,0,vehicles,vehicles,0,0
8074,vehicles,bike,monad,crossclassified,4,4,0,vehicles,vehicles,0,0
8632,vehicles,train,wooden,crossclassified,4,4,0,vehicles,home,0,0
8874,vehicles,train,cable car,crossclassified,4,4,0,vehicles,vehicles,0,0
8875,vehicles,bus,pole,crossclassified,4,3,1,vehicles,buildings,0,0
9312,vehicles,car,handle,crossclassified,4,4,0,vehicles,home,0,0
9347,vehicles,boat,cruise,crossclassified,4,4,0,vehicles,vehicles,0,0
9350,vehicles,ship,cruise,crossclassified,4,4,0,vehicles,vehicles,0,0
9621,vehicles,fire truck,ambulance,crossclassified,4,2,2,vehicles,vehicles,0,0
9623,vehicles,fire engine,ambulance,crossclassified,4,2,2,vehicles,vehicles,0,0
9809,vehicles,wheel,hatchback,crossclassified,4,4,0,vehicles,vehicles,0,0
9922,vehicles,locomotive,railcar,crossclassified,4,4,0,vehicles,vehicles,0,0
10487,vehicles,vehicle,fender,crossclassified,4,4,0,vehicles,vehicles,0,0
10540,vehicles,vehicle,dress,crossclassified,4,4,0,vehicles,clothing,0,0
19488,vehicles,sailboat,pool,crossclassified,4,4,0,vehicles,home,0,0
8635,vehicles,train,rail,crossclassified,4,4,0,vehicles,buildings,0,0
20134,vehicles,plane,road,crossclassified,4,4,0,vehicles,buildings,0,0
29312,vehicles,ambulance,fire truck,crossclassified,4,2,2,vehicles,vehicles,0,0
30747,vehicles,car,taillight,crossclassified,4,4,0,vehicles,vehicles,0,0
31069,vehicles,glider,kite,crossclassified,4,4,0,vehicles,vehicles,0,0
31084,vehicles,hang glider,kite,crossclassified,4,4,0,vehicles,vehicles,0,0
31492,vehicles,street,mirror,crossclassified,4,3,1,buildings,vehicles,0,0
31501,vehicles,car,fence,crossclassified,4,4,0,vehicles,buildings,0,0
31512,vehicles,mirror,fence,crossclassified,4,4,0,vehicles,buildings,0,0
31778,vehicles,scooter,jacket,crossclassified,4,3,1,vehicles,clothing,0,0
31809,vehicles,truck,orange,crossclassified,4,4,0,vehicles,home,0,0
31815,vehicles,cart,orange,crossclassified,4,4,0,vehicles,home,0,0
31817,vehicles,cart,table,crossclassified,4,4,0,vehicles,home,0,0
31824,vehicles,orange,trailer,crossclassified,4,4,0,home,vehicles,0,0
32719,vehicles,van,hatchback,crossclassified,4,4,0,vehicles,vehicles,0,0
32720,vehicles,van,hatch,crossclassified,4,4,0,vehicles,vehicles,0,0
32787,vehicles,subway,shirt,crossclassified,4,4,0,vehicles,clothing,0,0
33199,vehicles,ferry,cruise ship,crossclassified,4,3,1,vehicles,vehicles,0,0
33515,vehicles,dirt bike,moped,crossclassified,4,3,1,vehicles,vehicles,0,0
33663,vehicles,suv,window,crossclassified,4,3,1,vehicles,home,0,0
33917,vehicles,ship,cap,crossclassified,4,4,0,vehicles,people,0,0
34845,vehicles,airplane,mirror,crossclassified,4,3,1,vehicles,vehicles,0,0
34924,vehicles,truck,camper,crossclassified,4,4,0,vehicles,vehicles,0,0
35066,vehicles,motorcycle,boat,crossclassified,4,3,1,vehicles,vehicles,0,0
35386,vehicles,propeller,fan,crossclassified,4,4,0,vehicles,vehicles,0,0
35755,vehicles,airplane,pul,crossclassified,4,4,0,vehicles,vehicles,0,0
35757,vehicles,plane,pul,crossclassified,4,4,0,vehicles,vehicles,0,0
20346,vehicles,runway,landing strip,crossclassified,4,4,0,vehicles,vehicles,0,0
29463,vehicles,jeep,tractor,crossclassified,4,2,2,vehicles,vehicles,0,0
33836,vehicles,wheel,helmet,crossclassified,4,3,1,vehicles,people,0,0
29238,vehicles,boat,umbrella,crossclassified,4,4,0,vehicles,buildings,0,0
36055,vehicles,woman,umbrella,crossclassified,4,4,0,people,buildings,0,0
20360,vehicles,road,landing strip,crossclassified,4,2,2,buildings,vehicles,0,0
28967,vehicles,scooter,headlight,crossclassified,4,4,0,vehicles,vehicles,0,0
20361,vehicles,tarmac,landing strip,crossclassified,4,2,2,vehicles,vehicles,0,0
21081,vehicles,landing strip,tarmac,crossclassified,4,2,2,vehicles,vehicles,0,0
21085,vehicles,road,pavement,crossclassified,4,3,1,buildings,buildings,0,0
21457,vehicles,truck bed,wheel,crossclassified,4,3,1,vehicles,vehicles,0,0
22467,vehicles,truck,hat,crossclassified,4,4,0,vehicles,clothing,0,0
22468,vehicles,car,men,crossclassified,4,3,1,vehicles,people,0,0
22778,vehicles,truck,carrot,crossclassified,4,4,0,vehicles,food,0,0
22779,vehicles,car,carrot,crossclassified,4,4,0,vehicles,food,0,0
22889,vehicles,van,tailor,crossclassified,4,4,0,vehicles,vehicles,0,0
23398,vehicles,train,station,crossclassified,4,4,0,vehicles,buildings,0,0
21093,vehicles,landing strip,road,crossclassified,4,2,2,vehicles,buildings,0,0
23400,vehicles,railcar,sign,crossclassified,4,2,2,vehicles,buildings,0,0
25582,vehicles,airplane,door,crossclassified,4,4,0,vehicles,home,0,0
27294,vehicles,bike,animal,crossclassified,4,4,0,vehicles,animals_plants,0,0
25756,vehicles,suv,luggage,crossclassified,4,4,0,vehicles,home,0,0
25738,vehicles,van,shoe,crossclassified,4,4,0,vehicles,people,0,0
25719,vehicles,cycle,cap,crossclassified,4,4,0,people,people,0,0
25744,vehicles,trunk,tailgate,crossclassified,4,4,0,vehicles,vehicles,0,0
25393,vehicles,motor bike,tire,crossclassified,4,4,0,vehicles,vehicles,0,0
25145,vehicles,vehicle,bridge,crossclassified,4,3,1,vehicles,buildings,0,0
25112,vehicles,car,wiper,crossclassified,4,4,0,vehicles,vehicles,0,0
26243,vehicles,train,doorway,crossclassified,4,4,0,vehicles,buildings,0,0
54834,vehicles,ship,table,crossclassified,3,2,1,vehicles,home,0,0
55664,vehicles,boat,flower,crossclassified,3,3,0,vehicles,animals_plants,0,0
53724,vehicles,toy,automobile,crossclassified,3,3,0,home,vehicles,0,0
54832,vehicles,boat,steel,crossclassified,3,3,0,vehicles,home,0,0
54783,vehicles,t-shirt,subway,crossclassified,3,2,1,clothing,vehicles,0,0
54779,vehicles,mirror,subway,crossclassified,3,2,1,vehicles,vehicles,0,0
54591,vehicles,train,jacket,crossclassified,3,3,0,vehicles,clothing,0,0
54390,vehicles,wheel,antique,crossclassified,3,3,0,vehicles,home,0,0
53984,vehicles,car,front end,crossclassified,3,3,0,vehicles,vehicles,0,0
53696,vehicles,train,road,crossclassified,3,3,0,vehicles,buildings,0,0
53723,vehicles,car,teddy bear,crossclassified,3,3,0,vehicles,home,0,0
53705,vehicles,mirror,pole,crossclassified,3,3,0,vehicles,buildings,0,0
53701,vehicles,window,house,crossclassified,3,2,1,home,buildings,0,0
53501,vehicles,train,pilot,crossclassified,3,3,0,vehicles,people,0,0
53695,vehicles,train,house,crossclassified,3,3,0,vehicles,buildings,0,0
53676,vehicles,vehicle,car door,crossclassified,3,3,0,vehicles,vehicles,0,0
53545,vehicles,canoe,pole,crossclassified,3,2,1,vehicles,buildings,0,0
55670,vehicles,bench,flower,crossclassified,3,3,0,home,animals_plants,0,0
53543,vehicles,boat,food,crossclassified,3,3,0,vehicles,food,0,0
55667,vehicles,boat,platform,crossclassified,3,3,0,vehicles,buildings,0,0
56547,vehicles,balloon,crab,crossclassified,3,3,0,vehicles,vehicles,0,0
55680,vehicles,table,flower,crossclassified,3,3,0,home,animals_plants,0,0
57103,vehicles,mirror,dress,crossclassified,3,3,0,vehicles,clothing,0,0
59215,vehicles,wheel,police,crossclassified,3,2,1,vehicles,vehicles,0,0
50647,vehicles,house,vehicle,crossclassified,3,2,1,buildings,vehicles,0,0
58698,vehicles,tower,ship,crossclassified,3,2,1,buildings,vehicles,0,0
58695,vehicles,car,sailboat,crossclassified,3,2,1,vehicles,vehicles,0,0
58261,vehicles,boat,market,crossclassified,3,3,0,vehicles,vehicles,0,0
58185,vehicles,car,seat,crossclassified,3,3,0,vehicles,home,0,0
57987,vehicles,train,watercraft,crossclassified,3,3,0,vehicles,vehicles,0,0
57608,vehicles,windshield,shirt,crossclassified,3,3,0,vehicles,clothing,0,0
