vg_img_id	vg_object_id	sample_type	synset	obj_name	cat	url	responses
2365244	1817630	supercat_ambiguous	woman.n.01	woman	person	http://object-naming-amore.upf.edu//2365244_1817630_supercat_ambiguous.png	Counter({'woman': 6, 'bride': 2, 'tie': 1})
2376522	572044	singleton_obj	baked_goods.n.01	cake	food, solid food	http://object-naming-amore.upf.edu//2376522_572044_singleton_obj.png	Counter({'cake': 9})
2351868	857670	singleton_obj	man.n.01	man	person	http://object-naming-amore.upf.edu//2351868_857670_singleton_obj.png	Counter({'tennis player': 4, 'man': 2, 'player': 2, 'shorts': 1})
2332037	970692	singleton_obj	furnishing.n.02	table	instrumentality, instrumentation	http://object-naming-amore.upf.edu//2332037_970692_singleton_obj.png	Counter({'table': 8, 'light bulb': 1})
2367094	752849	supercat_unique	furnishing.n.02	table	instrumentality, instrumentation	http://object-naming-amore.upf.edu//2367094_752849_supercat_unique.png	Counter({'table': 7, 'dining table': 2})
2344414	915760	supercat_unique	vessel.n.03	tub	instrumentality, instrumentation	http://object-naming-amore.upf.edu//2344414_915760_supercat_unique.png	Counter({'bathtub': 5, 'tub': 2, 'bath': 1, 'bath tub': 1})
2351439	3052414	seed_ambiguous	ungulate.n.01	zebra	animal	http://object-naming-amore.upf.edu//2351439_3052414_seed_ambiguous.png	Counter({'zebra': 9})
2399380	1170151	seed_ambiguous	shirt.n.01	shirt	article of clothing	http://object-naming-amore.upf.edu//2399380_1170151_seed_ambiguous.png	Counter({'shirt': 5, 'polo': 2, 'polo shirt': 1, 't-shirt': 1})
2326939	2916380	seed_ambiguous	aircraft.n.01	airplane	vehicle	http://object-naming-amore.upf.edu//2326939_2916380_seed_ambiguous.png	Counter({'airplane': 5, 'plane': 3, 'jetliner': 1})
2358439	802828	seed_ambiguous	furnishing.n.02	rug	instrumentality, instrumentation	http://object-naming-amore.upf.edu//2358439_802828_seed_ambiguous.png	Counter({'rug': 5, 'carpet': 1, 'cellphone': 1, 'table': 1, 'area rug': 1})
2370209	2480237	singleton_obj	male_child.n.01	boy	person	http://object-naming-amore.upf.edu//2370209_2480237_singleton_obj.png	Counter({'boy': 6, 'child': 2, 'cellphone': 1})
2358004	3548982	singleton_obj	restaurant.n.01	restaurant	structure, construction	http://object-naming-amore.upf.edu//2358004_3548982_singleton_obj.png	Counter({'building': 3, 'storefront': 2, 'trees': 1, 'sunglasses': 1, 'cafe': 1, 'bushes': 1})
2370161	2552208	seed_ambiguous	aircraft.n.01	airplane	vehicle	http://object-naming-amore.upf.edu//2370161_2552208_seed_ambiguous.png	Counter({'airplane': 6, 'plane': 3})
2397485	1189555	singleton_obj	baked_goods.n.01	cake	food, solid food	http://object-naming-amore.upf.edu//2397485_1189555_singleton_obj.png	Counter({'cake': 7, 'teddybear': 1, 'birthday cake': 1})
2345175	2586084	singleton_obj	furnishing.n.02	desk	instrumentality, instrumentation	http://object-naming-amore.upf.edu//2345175_2586084_singleton_obj.png	Counter({'desk': 5, 'mouse': 3, 'computer desk': 1})
2334827	3188179	singleton_obj	aircraft.n.01	airplane	vehicle	http://object-naming-amore.upf.edu//2334827_3188179_singleton_obj.png	Counter({'airplane': 5, 'plane': 3, 'jet': 1})
2413082	3801729	supercat_unique	shirt.n.01	shirt	article of clothing	http://object-naming-amore.upf.edu//2413082_3801729_supercat_unique.png	Counter({'shirt': 6, 't-shirt': 2, 'tshirt': 1})
2371317	1985691	singleton_obj	woman.n.01	girl	person	http://object-naming-amore.upf.edu//2371317_1985691_singleton_obj.png	Counter({'woman': 6, 'ring': 1, 'girl': 1, 'phone': 1})
2332979	3169455	seed_ambiguous	furnishing.n.02	table	instrumentality, instrumentation	http://object-naming-amore.upf.edu//2332979_3169455_seed_ambiguous.png	Counter({'desk': 5, 'keyboard': 3, 'keyboard tray': 1})
2327533	3299746	singleton_obj	feline.n.01	cat	animal	http://object-naming-amore.upf.edu//2327533_3299746_singleton_obj.png	Counter({'cat': 9})
2368323	3869770	seed_ambiguous	furnishing.n.02	cabinet	instrumentality, instrumentation	http://object-naming-amore.upf.edu//2368323_3869770_seed_ambiguous.png	Counter({'cabinet': 4, 'drawer': 2, 'drawers': 1, 'cupboard': 1, 'cabinets': 1})
2407918	271324	supercat_unique	dress.n.01	dress	article of clothing	http://object-naming-amore.upf.edu//2407918_271324_supercat_unique.png	Counter({'shirt': 5, 'tanktop': 1, 'tank top': 1, 'tank-top': 1, 'clothing': 1})
2367138	624269	singleton_obj	baked_goods.n.01	cake	food, solid food	http://object-naming-amore.upf.edu//2367138_624269_singleton_obj.png	Counter({'cake': 9})
2354714	836219	singleton_obj	boat.n.01	boat	vehicle	http://object-naming-amore.upf.edu//2354714_836219_singleton_obj.png	Counter({'boat': 8, 'tug boat': 1})
2387774	1272934	singleton_obj	dog.n.01	dog	animal	http://object-naming-amore.upf.edu//2387774_1272934_singleton_obj.png	Counter({'dog': 9})
2359043	1909986	singleton_obj	furnishing.n.02	bench	instrumentality, instrumentation	http://object-naming-amore.upf.edu//2359043_1909986_singleton_obj.png	Counter({'bench': 9})
2393061	1223333	singleton_obj	motorcycle.n.01	motorcycle	vehicle	http://object-naming-amore.upf.edu//2393061_1223333_singleton_obj.png	Counter({'motorcycle': 9})
2331045	972369	supercat_unique	shelter.n.01	dugout	structure, construction	http://object-naming-amore.upf.edu//2331045_972369_supercat_unique.png	Counter({'dugout': 5, 'dugouts': 1, 'baseball bat': 1, 'players': 1, 'rail': 1})
2372925	2626156	seed_ambiguous	woman.n.01	girl	person	http://object-naming-amore.upf.edu//2372925_2626156_seed_ambiguous.png	Counter({'skier': 5, 'skiier': 1, 'person': 1, 'goggles': 1, 'human': 1})
2337848	2622638	seed_ambiguous	aircraft.n.01	plane	vehicle	http://object-naming-amore.upf.edu//2337848_2622638_seed_ambiguous.png	Counter({'plane': 5, 'airplane': 4})
2364291	642034	singleton_obj	boat.n.01	boat	vehicle	http://object-naming-amore.upf.edu//2364291_642034_singleton_obj.png	Counter({'boat': 9})
2326772	3296778	singleton_obj	vessel.n.03	vase	instrumentality, instrumentation	http://object-naming-amore.upf.edu//2326772_3296778_singleton_obj.png	Counter({'vase': 8, 'case': 1})
2399414	416519	supercat_ambiguous	foodstuff.n.02	cheese	food, nutrient	http://object-naming-amore.upf.edu//2399414_416519_supercat_ambiguous.png	Counter({'pizza': 8, 'toppings': 1})
2378097	715183	singleton_obj	boat.n.01	boat	vehicle	http://object-naming-amore.upf.edu//2378097_715183_singleton_obj.png	Counter({'boat': 9})
2399902	412897	singleton_obj	furnishing.n.02	cabinet	instrumentality, instrumentation	http://object-naming-amore.upf.edu//2399902_412897_singleton_obj.png	Counter({'table': 5, 'wine': 1, 'countertop': 1, 'bottles': 1, 'bottle': 1})
2411189	1081920	singleton_obj	bird.n.01	chick	animal	http://object-naming-amore.upf.edu//2411189_1081920_singleton_obj.png	Counter({'bird': 9})
2409753	234358	singleton_obj	male_child.n.01	boy	person	http://object-naming-amore.upf.edu//2409753_234358_singleton_obj.png	Counter({'boy': 3, 'child': 3, 'baby': 1, 'kid': 1, 'teddybear': 1})
2378259	2200713	seed_ambiguous	furnishing.n.02	cabinet	instrumentality, instrumentation	http://object-naming-amore.upf.edu//2378259_2200713_seed_ambiguous.png	Counter({'cabinet': 5, 'cupboard': 3, 'cabinets': 1})
2370647	1746580	supercat_unique	headdress.n.01	hat	article of clothing	http://object-naming-amore.upf.edu//2370647_1746580_supercat_unique.png	Counter({'hat': 6, 'headgear': 1, 'helmet': 1, 'dog': 1})
2350315	2369256	singleton_obj	furnishing.n.02	bench	instrumentality, instrumentation	http://object-naming-amore.upf.edu//2350315_2369256_singleton_obj.png	Counter({'bench': 9})
2354571	2550779	singleton_obj	motorcycle.n.01	motorbike	vehicle	http://object-naming-amore.upf.edu//2354571_2550779_singleton_obj.png	Counter({'motorcycle': 6, 'moped': 1, 'wheel': 1, 'motorbike': 1})
1592743	1612223	supercat_unique	woman.n.01	woman	person	http://object-naming-amore.upf.edu//1592743_1612223_supercat_unique.png	Counter({'woman': 7, 'sweatshirt': 1, 'female': 1})
2320561	3534696	singleton_obj	furnishing.n.02	desk	instrumentality, instrumentation	http://object-naming-amore.upf.edu//2320561_3534696_singleton_obj.png	Counter({'desk': 4, 'keyboard': 2, 'table': 1, 'computer desk': 1, 'desktop': 1})
2343621	2671656	seed_ambiguous	furnishing.n.02	bench	instrumentality, instrumentation	http://object-naming-amore.upf.edu//2343621_2671656_seed_ambiguous.png	Counter({'bench': 4, 'chair': 4, 'chair back': 1})
2383119	1323658	singleton_obj	vessel.n.03	bucket	instrumentality, instrumentation	http://object-naming-amore.upf.edu//2383119_1323658_singleton_obj.png	Counter({'bucket': 5, 'bowl': 2, 'waastebin': 1, 'basket': 1})
2408467	1093115	singleton_obj	motorcycle.n.01	motorcycle	vehicle	http://object-naming-amore.upf.edu//2408467_1093115_singleton_obj.png	Counter({'motorcycle': 7, 'cone': 1, 'bike': 1})
2388721	508129	singleton_obj	ungulate.n.01	zebra	animal	http://object-naming-amore.upf.edu//2388721_508129_singleton_obj.png	Counter({'zebra': 9})
2370619	602727	singleton_obj	dish.n.02	sandwich	food, nutrient	http://object-naming-amore.upf.edu//2370619_602727_singleton_obj.png	Counter({'sandwich': 3, 'french toast': 3, 'food': 1, 'bread': 1, 'breakfast': 1})
2388487	1268551	supercat_unique	dress.n.01	dress	article of clothing	http://object-naming-amore.upf.edu//2388487_1268551_supercat_unique.png	Counter({'cat': 3, 'sweater': 2, 'pet apparel': 1, 'vest': 1, 'cat sweater': 1, 'cat shirt': 1})
2415650	2789601	singleton_obj	male_child.n.01	boy	person	http://object-naming-amore.upf.edu//2415650_2789601_singleton_obj.png	Counter({'man': 4, 'boy': 3, 'bicycle': 1, 'person': 1})
2355845	2555544	singleton_obj	feline.n.01	cat	animal	http://object-naming-amore.upf.edu//2355845_2555544_singleton_obj.png	Counter({'cat': 8, 'house cat': 1})
2355803	826322	supercat_unique	shirt.n.01	t-shirt	article of clothing	http://object-naming-amore.upf.edu//2355803_826322_supercat_unique.png	Counter({'shirt': 5, 't-shirt': 2, 'tshirt': 1, 'girl': 1})
2411072	317017	singleton_obj	dog.n.01	dog	animal	http://object-naming-amore.upf.edu//2411072_317017_singleton_obj.png	Counter({'dog': 9})
2346145	1945357	singleton_obj	aircraft.n.01	plane	vehicle	http://object-naming-amore.upf.edu//2346145_1945357_singleton_obj.png	Counter({'airplane': 5, 'plane': 4})
2377192	2216518	supercat_unique	baked_goods.n.01	bread	food, solid food	http://object-naming-amore.upf.edu//2377192_2216518_supercat_unique.png	Counter({'bread': 8, 'bread basket': 1})
2352286	855110	supercat_unique	furnishing.n.02	couch	instrumentality, instrumentation	http://object-naming-amore.upf.edu//2352286_855110_supercat_unique.png	Counter({'couch': 9})
2413552	171239	singleton_obj	woman.n.01	woman	person	http://object-naming-amore.upf.edu//2413552_171239_singleton_obj.png	Counter({'surfer': 3, 'woman': 2, 'person': 2, 'surfboarder': 1, 'wetsuit': 1})
2414342	296359	supercat_unique	furnishing.n.02	table	instrumentality, instrumentation	http://object-naming-amore.upf.edu//2414342_296359_supercat_unique.png	Counter({'table': 7, 'cake': 2})
2407646	276139	singleton_obj	cutlery.n.02	fork	ware	http://object-naming-amore.upf.edu//2407646_276139_singleton_obj.png	Counter({'fork': 9})
2315909	3142373	seed_ambiguous	aircraft.n.01	jet	vehicle	http://object-naming-amore.upf.edu//2315909_3142373_seed_ambiguous.png	Counter({'airplane': 3, 'plane': 3, 'jet': 2, 'fighter jet': 1})
917	1030468	supercat_unique	shirt.n.01	shirt	article of clothing	http://object-naming-amore.upf.edu//917_1030468_supercat_unique.png	Counter({'shirt': 7, 'polo shirt': 1, 'polo': 1})
2326893	3694295	singleton_obj	furnishing.n.02	bench	instrumentality, instrumentation	http://object-naming-amore.upf.edu//2326893_3694295_singleton_obj.png	Counter({'bench': 8, 'lady': 1})
2348918	1733994	seed_ambiguous	ungulate.n.01	zebra	animal	http://object-naming-amore.upf.edu//2348918_1733994_seed_ambiguous.png	Counter({'zebra': 9})
2373347	2029893	seed_ambiguous	ungulate.n.01	zebra	animal	http://object-naming-amore.upf.edu//2373347_2029893_seed_ambiguous.png	Counter({'zebra': 9})
2339393	2426746	singleton_obj	motorcycle.n.01	motorcycle	vehicle	http://object-naming-amore.upf.edu//2339393_2426746_singleton_obj.png	Counter({'motorcycle': 8, 'police officers': 1})
2375513	581904	singleton_obj	man.n.01	man	person	http://object-naming-amore.upf.edu//2375513_581904_singleton_obj.png	Counter({'man': 3, 'frisbee player': 2, 'athlete': 2, 'jersey': 1, 'player': 1})
2374792	3718234	seed_ambiguous	boat.n.01	boat	vehicle	http://object-naming-amore.upf.edu//2374792_3718234_seed_ambiguous.png	Counter({'boat': 6, 'wagon': 2, 'cart': 1})
2373330	2526400	seed_ambiguous	edible_fruit.n.01	blackberry	food, nutrient	http://object-naming-amore.upf.edu//2373330_2526400_seed_ambiguous.png	Counter({'phone': 6, 'cellphone': 2, 'cell phone': 1})
2393118	1222761	singleton_obj	furnishing.n.02	table	instrumentality, instrumentation	http://object-naming-amore.upf.edu//2393118_1222761_singleton_obj.png	Counter({'table': 5, 'picnic table': 2, 'bench': 2})
3991	1070833	singleton_obj	house.n.01	house	structure, construction	http://object-naming-amore.upf.edu//3991_1070833_singleton_obj.png	Counter({'house': 7, 'door': 1, 'stairs': 1})
2407793	273475	seed_ambiguous	dish.n.02	pizza	food, nutrient	http://object-naming-amore.upf.edu//2407793_273475_seed_ambiguous.png	Counter({'pizza': 9})
2349668	873017	supercat_unique	overgarment.n.01	jacket	article of clothing	http://object-naming-amore.upf.edu//2349668_873017_supercat_unique.png	Counter({'jacket': 4, 'coat': 4, 'suit': 1})
713799	3702338	singleton_obj	boat.n.01	boat	vehicle	http://object-naming-amore.upf.edu//713799_3702338_singleton_obj.png	Counter({'boat': 6, 'ship': 3})
2343952	918581	singleton_obj	furnishing.n.02	counter	instrumentality, instrumentation	http://object-naming-amore.upf.edu//2343952_918581_singleton_obj.png	Counter({'sink': 8, 'counter': 1})
150268	3798731	singleton_obj	woman.n.01	lady	person	http://object-naming-amore.upf.edu//150268_3798731_singleton_obj.png	Counter({'woman': 7, 'pants': 1, 'clothing': 1})
2354756	2571152	seed_ambiguous	furnishing.n.02	curtain	instrumentality, instrumentation	http://object-naming-amore.upf.edu//2354756_2571152_seed_ambiguous.png	Counter({'curtain': 8, 'shower curtain': 1})
2411703	307978	singleton_obj	motorcycle.n.01	motorbike	vehicle	http://object-naming-amore.upf.edu//2411703_307978_singleton_obj.png	Counter({'motorcycle': 8, 'motercycle': 1})
2341714	2535321	singleton_obj	vessel.n.03	bowl	instrumentality, instrumentation	http://object-naming-amore.upf.edu//2341714_2535321_singleton_obj.png	Counter({'salad': 6, 'food': 1, 'tomato': 1, 'bowl': 1})
2348981	1831397	singleton_obj	horse.n.01	horse	animal	http://object-naming-amore.upf.edu//2348981_1831397_singleton_obj.png	Counter({'horse': 9})
2387704	511620	seed_ambiguous	bird.n.01	goose	animal	http://object-naming-amore.upf.edu//2387704_511620_seed_ambiguous.png	Counter({'bird': 3, 'goose': 3, 'duck': 3})
2345907	904033	singleton_obj	male_child.n.01	boy	person	http://object-naming-amore.upf.edu//2345907_904033_singleton_obj.png	Counter({'boy': 4, 'batter': 2, 'child': 1, 'player': 1, 'clothing': 1})
2340680	2377731	singleton_obj	ungulate.n.01	cow	animal	http://object-naming-amore.upf.edu//2340680_2377731_singleton_obj.png	Counter({'cow': 9})
2407911	271454	supercat_unique	shirt.n.01	shirt	article of clothing	http://object-naming-amore.upf.edu//2407911_271454_supercat_unique.png	Counter({'shirt': 7, 'tshirt': 1, 't-shirt': 1})
2343573	2678231	singleton_obj	vessel.n.03	bowl	instrumentality, instrumentation	http://object-naming-amore.upf.edu//2343573_2678231_singleton_obj.png	Counter({'bowl': 6, 'dinner': 2, 'food': 1})
2338946	952761	supercat_unique	furnishing.n.02	table	instrumentality, instrumentation	http://object-naming-amore.upf.edu//2338946_952761_supercat_unique.png	Counter({'counter': 5, 'countertop': 2, 'cake': 1, 'counter-top': 1})
713039	1577996	seed_ambiguous	athlete.n.01	catcher	person	http://object-naming-amore.upf.edu//713039_1577996_seed_ambiguous.png	Counter({'catcher': 7, 'baseball player': 1, 'man': 1})
2370727	2434557	singleton_obj	horse.n.01	horse	animal	http://object-naming-amore.upf.edu//2370727_2434557_singleton_obj.png	Counter({'horse': 9})
2341707	2486522	seed_ambiguous	ungulate.n.01	zebra	animal	http://object-naming-amore.upf.edu//2341707_2486522_seed_ambiguous.png	Counter({'zebra': 9})
2373621	731467	supercat_unique	baked_goods.n.01	cake	food, solid food	http://object-naming-amore.upf.edu//2373621_731467_supercat_unique.png	Counter({'cake': 9})
2382051	1331524	singleton_obj	aircraft.n.01	plane	vehicle	http://object-naming-amore.upf.edu//2382051_1331524_singleton_obj.png	Counter({'airplane': 5, 'plane': 3, 'aircraft': 1})
2342668	2619276	singleton_obj	beverage.n.01	beer	food, nutrient	http://object-naming-amore.upf.edu//2342668_2619276_singleton_obj.png	Counter({'sign': 9})
2360005	1661120	singleton_obj	train.n.01	train	vehicle	http://object-naming-amore.upf.edu//2360005_1661120_singleton_obj.png	Counter({'train': 9})
2342226	935890	supercat_unique	dog.n.01	dog	animal	http://object-naming-amore.upf.edu//2342226_935890_supercat_unique.png	Counter({'dog': 9})
2360739	3062661	singleton_obj	man.n.01	man	person	http://object-naming-amore.upf.edu//2360739_3062661_singleton_obj.png	Counter({'man': 7, 'boy': 1, 'person': 1})
2393896	3824385	singleton_obj	shirt.n.01	shirt	article of clothing	http://object-naming-amore.upf.edu//2393896_3824385_singleton_obj.png	Counter({'shirt': 6, 'man': 1, 'man eating': 1, 'watch': 1})
2383314	694589	seed_ambiguous	furnishing.n.02	couch	instrumentality, instrumentation	http://object-naming-amore.upf.edu//2383314_694589_seed_ambiguous.png	Counter({'chair': 4, 'couch': 4, 'armchair': 1})
2358218	2121833	singleton_obj	shelter.n.01	shelter	structure, construction	http://object-naming-amore.upf.edu//2358218_2121833_singleton_obj.png	Counter({'bus stop': 5, 'building': 2, 'bench': 2})
2396169	447357	singleton_obj	ungulate.n.01	giraffe	animal	http://object-naming-amore.upf.edu//2396169_447357_singleton_obj.png	Counter({'giraffe': 9})
2335310	2576688	singleton_obj	furnishing.n.02	bed	instrumentality, instrumentation	http://object-naming-amore.upf.edu//2335310_2576688_singleton_obj.png	Counter({'bed': 9})
2403048	1128471	supercat_unique	furnishing.n.02	bench	instrumentality, instrumentation	http://object-naming-amore.upf.edu//2403048_1128471_supercat_unique.png	Counter({'bench': 9})
2338037	2713590	singleton_obj	train.n.01	train	vehicle	http://object-naming-amore.upf.edu//2338037_2713590_singleton_obj.png	Counter({'train': 6, 'tram': 1, 'streetcar': 1, 'trolley car': 1})
2363406	1901671	singleton_obj	horse.n.01	horse	animal	http://object-naming-amore.upf.edu//2363406_1901671_singleton_obj.png	Counter({'horse': 9})
713231	1076645	supercat_ambiguous	child.n.01	child	person	http://object-naming-amore.upf.edu//713231_1076645_supercat_ambiguous.png	Counter({'child': 3, 'boy': 2, 'person': 1, 'girl': 1, 'grandson': 1, 'kid': 1})
2334972	3405822	supercat_unique	furnishing.n.02	desk	instrumentality, instrumentation	http://object-naming-amore.upf.edu//2334972_3405822_supercat_unique.png	Counter({'desk': 6, 'mouse': 1, 'desktop': 1, 'computer desk': 1})
2378034	562539	seed_ambiguous	dish.n.02	salad	food, nutrient	http://object-naming-amore.upf.edu//2378034_562539_seed_ambiguous.png	Counter({'lettuce': 6, 'food': 2, 'salad': 1})
2341731	940236	seed_ambiguous	dress.n.01	caftan	article of clothing	http://object-naming-amore.upf.edu//2341731_940236_seed_ambiguous.png	Counter({'clothes': 2, 'robe': 1, 'shirt': 1, 'jacket': 1, 'scarf': 1, 'coat': 1, 'trench coat': 1, 'clothing': 1})
2350164	1668548	singleton_obj	male_child.n.01	boy	person	http://object-naming-amore.upf.edu//2350164_1668548_singleton_obj.png	Counter({'surfer': 4, 'boy': 2, 'child': 1, 'man': 1, 'wetsuit': 1})
2392444	668056	singleton_obj	lamp.n.01	lamp	instrumentality, instrumentation	http://object-naming-amore.upf.edu//2392444_668056_singleton_obj.png	Counter({'lamp': 3, 'lamp post': 2, 'streetlight': 2, 'lamppost': 1, 'street lamp': 1})
2345758	3341735	seed_ambiguous	furnishing.n.02	counter	instrumentality, instrumentation	http://object-naming-amore.upf.edu//2345758_3341735_seed_ambiguous.png	Counter({'counter': 3, 'countertop': 2, 'table': 1, 'food': 1, 'apple': 1, 'kitchen counter': 1})
3949	1654883	singleton_obj	furnishing.n.02	carpet	instrumentality, instrumentation	http://object-naming-amore.upf.edu//3949_1654883_singleton_obj.png	Counter({'floor': 4, 'carpet': 3, 'toy': 1, 'rug': 1})
2330781	2943967	singleton_obj	furnishing.n.02	chair	instrumentality, instrumentation	http://object-naming-amore.upf.edu//2330781_2943967_singleton_obj.png	Counter({'chair': 9})
2367467	622241	seed_ambiguous	woman.n.01	girl	person	http://object-naming-amore.upf.edu//2367467_622241_seed_ambiguous.png	Counter({'girl': 6, 'child': 3})
2358853	798577	singleton_obj	baked_goods.n.01	cake	food, solid food	http://object-naming-amore.upf.edu//2358853_798577_singleton_obj.png	Counter({'cake': 9})
2413197	178105	supercat_ambiguous	vessel.n.03	bottle	instrumentality, instrumentation	http://object-naming-amore.upf.edu//2413197_178105_supercat_ambiguous.png	Counter({'wine': 5, 'bottle': 3, 'wine bottle': 1})
2391798	1237175	singleton_obj	train.n.01	train	vehicle	http://object-naming-amore.upf.edu//2391798_1237175_singleton_obj.png	Counter({'train': 8, 'trane': 1})
2366282	1916688	seed_ambiguous	man.n.01	guy	person	http://object-naming-amore.upf.edu//2366282_1916688_seed_ambiguous.png	Counter({'man': 8, 'furniture': 1})
2362174	776559	singleton_obj	aircraft.n.01	plane	vehicle	http://object-naming-amore.upf.edu//2362174_776559_singleton_obj.png	Counter({'airplane': 4, 'plane': 4, 'aircraft': 1})
2345184	910001	singleton_obj	horse.n.01	horse	animal	http://object-naming-amore.upf.edu//2345184_910001_singleton_obj.png	Counter({'horse': 9})
2370155	2677957	singleton_obj	neckwear.n.01	bowtie	article of clothing	http://object-naming-amore.upf.edu//2370155_2677957_singleton_obj.png	Counter({'bowtie': 5, 'bow tie': 3, 'tie': 1})
2363773	2224760	seed_ambiguous	furnishing.n.02	chair	instrumentality, instrumentation	http://object-naming-amore.upf.edu//2363773_2224760_seed_ambiguous.png	Counter({'chair': 8, 'throne': 1})
2394919	459655	singleton_obj	athlete.n.01	skater	person	http://object-naming-amore.upf.edu//2394919_459655_singleton_obj.png	Counter({'skateboarder': 5, 'man': 2, 'skater': 2})
2319449	3610617	singleton_obj	feline.n.01	cat	animal	http://object-naming-amore.upf.edu//2319449_3610617_singleton_obj.png	Counter({'cat': 6, 'dog': 2, 'puppy': 1})
2393768	469803	supercat_unique	dish.n.02	pizza	food, nutrient	http://object-naming-amore.upf.edu//2393768_469803_supercat_unique.png	Counter({'pizza': 9})
2320067	3246612	singleton_obj	furnishing.n.02	counter	instrumentality, instrumentation	http://object-naming-amore.upf.edu//2320067_3246612_singleton_obj.png	Counter({'desk': 7, 'office': 1, 'kiosk': 1})
2368381	3869418	seed_ambiguous	ungulate.n.01	giraffe	animal	http://object-naming-amore.upf.edu//2368381_3869418_seed_ambiguous.png	Counter({'giraffe': 9})
2383497	1319913	supercat_unique	shirt.n.01	shirt	article of clothing	http://object-naming-amore.upf.edu//2383497_1319913_supercat_unique.png	Counter({'shirt': 5, 't-shirt': 2, 'tshirt': 2})
2360175	3762533	supercat_unique	furnishing.n.02	booth	instrumentality, instrumentation	http://object-naming-amore.upf.edu//2360175_3762533_supercat_unique.png	Counter({'table': 7, 'pizza': 1, 'dinner table': 1})
2362415	774559	supercat_unique	motorcycle.n.01	motorcycle	vehicle	http://object-naming-amore.upf.edu//2362415_774559_supercat_unique.png	Counter({'motorcycle': 9})
2330582	2726632	singleton_obj	bridge.n.01	bridge	structure, construction	http://object-naming-amore.upf.edu//2330582_2726632_singleton_obj.png	Counter({'bridge': 8, 'sign': 1})
2339081	2142082	singleton_obj	aircraft.n.01	plane	vehicle	http://object-naming-amore.upf.edu//2339081_2142082_singleton_obj.png	Counter({'airplane': 6, 'plane': 3})
2326524	3232867	supercat_unique	outbuilding.n.01	shed	structure, construction	http://object-naming-amore.upf.edu//2326524_3232867_supercat_unique.png	Counter({'hangar': 4, 'hanger': 3, 'building': 1, 'airplane hangar': 1})
2319673	3614153	supercat_unique	woman.n.01	lady	person	http://object-naming-amore.upf.edu//2319673_3614153_supercat_unique.png	Counter({'woman': 6, 'person': 2, 'jacket': 1})
2350477	3593698	singleton_obj	furnishing.n.02	counter	instrumentality, instrumentation	http://object-naming-amore.upf.edu//2350477_3593698_singleton_obj.png	Counter({'sink': 6, 'cabinet': 2, 'counter': 1})
2403761	380114	singleton_obj	edible_fruit.n.01	apple	food, nutrient	http://object-naming-amore.upf.edu//2403761_380114_singleton_obj.png	Counter({'apple': 8, 'fruit': 1})
2346601	2668388	singleton_obj	train.n.01	train	vehicle	http://object-naming-amore.upf.edu//2346601_2668388_singleton_obj.png	Counter({'train': 8, 'trane': 1})
2398224	1181493	singleton_obj	bird.n.01	turkey	animal	http://object-naming-amore.upf.edu//2398224_1181493_singleton_obj.png	Counter({'turkey': 8, 'poultry': 1})
2366706	626588	seed_ambiguous	furnishing.n.02	couch	instrumentality, instrumentation	http://object-naming-amore.upf.edu//2366706_626588_seed_ambiguous.png	Counter({'couch': 7, 'sofa': 2})
2320041	996567	singleton_obj	shirt.n.01	shirt	article of clothing	http://object-naming-amore.upf.edu//2320041_996567_singleton_obj.png	Counter({'shirt': 5, 'tshirt': 1, 'cell phone': 1, 'cellphone': 1, 't shirt': 1})
2390649	495128	supercat_ambiguous	ungulate.n.01	bull	animal	http://object-naming-amore.upf.edu//2390649_495128_supercat_ambiguous.png	Counter({'cow': 8, 'cattle': 1})
2406272	1102871	singleton_obj	car.n.01	car	vehicle	http://object-naming-amore.upf.edu//2406272_1102871_singleton_obj.png	Counter({'car': 7, 'automobile': 1, 'vehicle': 1})
2361674	1832611	singleton_obj	dog.n.01	dog	animal	http://object-naming-amore.upf.edu//2361674_1832611_singleton_obj.png	Counter({'dog': 9})
2382185	698529	singleton_obj	ungulate.n.01	zebra	animal	http://object-naming-amore.upf.edu//2382185_698529_singleton_obj.png	Counter({'zebra': 9})
2346290	900964	supercat_unique	shirt.n.01	shirt	article of clothing	http://object-naming-amore.upf.edu//2346290_900964_supercat_unique.png	Counter({'shirt': 7, 'man': 1, 'button down shirt': 1})
2397961	1184495	singleton_obj	dish.n.02	pizza	food, nutrient	http://object-naming-amore.upf.edu//2397961_1184495_singleton_obj.png	Counter({'pizza': 8, 'pizza pie': 1})
2321324	2990699	singleton_obj	furnishing.n.02	bench	instrumentality, instrumentation	http://object-naming-amore.upf.edu//2321324_2990699_singleton_obj.png	Counter({'bench': 8, 'man': 1})
2362076	777286	singleton_obj	train.n.01	train	vehicle	http://object-naming-amore.upf.edu//2362076_777286_singleton_obj.png	Counter({'train': 8, 'subway': 1})
2320198	3160286	singleton_obj	car.n.01	car	vehicle	http://object-naming-amore.upf.edu//2320198_3160286_singleton_obj.png	Counter({'train': 8, 'train engine': 1})
2393088	474934	supercat_ambiguous	truck.n.01	van	vehicle	http://object-naming-amore.upf.edu//2393088_474934_supercat_ambiguous.png	Counter({'van': 7, 'small cargo van': 1, 'truck': 1})
2388274	674370	supercat_unique	man.n.01	man	person	http://object-naming-amore.upf.edu//2388274_674370_supercat_unique.png	Counter({'man': 9})
2401351	1148698	singleton_obj	bridge.n.01	bridge	structure, construction	http://object-naming-amore.upf.edu//2401351_1148698_singleton_obj.png	Counter({'bridge': 4, 'traffic': 1, 'guardrail': 1, 'street': 1, 'concrete railing': 1, 'road': 1})
2404242	1117551	singleton_obj	dress.n.01	dress	article of clothing	http://object-naming-amore.upf.edu//2404242_1117551_singleton_obj.png	Counter({'dress': 5, 'wedding dress': 3, 'gown': 1})
2401264	1149527	singleton_obj	foodstuff.n.02	gravy	food, nutrient	http://object-naming-amore.upf.edu//2401264_1149527_singleton_obj.png	Counter({'broccoli': 6, 'food': 3})
2318082	2703111	singleton_obj	furnishing.n.02	carpet	instrumentality, instrumentation	http://object-naming-amore.upf.edu//2318082_2703111_singleton_obj.png	Counter({'carpet': 4, 'floor': 3, 'mattress store': 1, 'store': 1})
2387285	1277430	singleton_obj	feline.n.01	cat	animal	http://object-naming-amore.upf.edu//2387285_1277430_singleton_obj.png	Counter({'cat': 9})
2408240	265572	singleton_obj	motorcycle.n.01	motorcycle	vehicle	http://object-naming-amore.upf.edu//2408240_265572_singleton_obj.png	Counter({'motorcycle': 9})
2368304	2377432	supercat_unique	dog.n.01	dog	animal	http://object-naming-amore.upf.edu//2368304_2377432_supercat_unique.png	Counter({'dog': 9})
2337926	3664666	singleton_obj	man.n.01	man	person	http://object-naming-amore.upf.edu//2337926_3664666_singleton_obj.png	Counter({'man': 7, 'suit': 1, 'cyclist': 1})
2348576	881234	singleton_obj	ungulate.n.01	zebra	animal	http://object-naming-amore.upf.edu//2348576_881234_singleton_obj.png	Counter({'zebra': 9})
2414467	321117	singleton_obj	aircraft.n.01	airplane	vehicle	http://object-naming-amore.upf.edu//2414467_321117_singleton_obj.png	Counter({'airplane': 6, 'plane': 2, 'bomber': 1})
2372137	737327	singleton_obj	vessel.n.03	bowl	instrumentality, instrumentation	http://object-naming-amore.upf.edu//2372137_737327_singleton_obj.png	Counter({'pistachios': 3, 'nuts': 2, 'bowl': 2, 'pistaccio': 1, 'food': 1})
2372521	736256	supercat_unique	furnishing.n.02	table	instrumentality, instrumentation	http://object-naming-amore.upf.edu//2372521_736256_supercat_unique.png	Counter({'table': 6, 'breakfast': 1, 'tablr': 1, 'tabletop': 1})
2356644	818581	supercat_unique	overgarment.n.01	coat	article of clothing	http://object-naming-amore.upf.edu//2356644_818581_supercat_unique.png	Counter({'coat': 6, 'jacket': 3})
2382042	699772	seed_ambiguous	woman.n.01	woman	person	http://object-naming-amore.upf.edu//2382042_699772_seed_ambiguous.png	Counter({'woman': 7, 'person': 1, 'tank top': 1})
2404429	377468	singleton_obj	ungulate.n.01	giraffe	animal	http://object-naming-amore.upf.edu//2404429_377468_singleton_obj.png	Counter({'giraffe': 9})
2400037	411945	singleton_obj	motorcycle.n.01	motorcycle	vehicle	http://object-naming-amore.upf.edu//2400037_411945_singleton_obj.png	Counter({'motorcycle': 8, 'bike': 1})
2381370	1337129	singleton_obj	woman.n.01	girl	person	http://object-naming-amore.upf.edu//2381370_1337129_singleton_obj.png	Counter({'tennis player': 4, 'woman': 3, 'girl': 1, 'person': 1})
2376141	1806797	supercat_unique	vessel.n.03	bottle	instrumentality, instrumentation	http://object-naming-amore.upf.edu//2376141_1806797_supercat_unique.png	Counter({'bottle': 6, 'water': 2, 'bottle water': 1})
2320024	2820242	singleton_obj	baked_goods.n.01	tortilla	food, solid food	http://object-naming-amore.upf.edu//2320024_2820242_singleton_obj.png	Counter({'tortilla': 8, 'tortilla shell': 1})
2415979	3373991	supercat_unique	furnishing.n.02	bench	instrumentality, instrumentation	http://object-naming-amore.upf.edu//2415979_3373991_supercat_unique.png	Counter({'bench': 9})
2381701	702610	singleton_obj	man.n.01	man	person	http://object-naming-amore.upf.edu//2381701_702610_singleton_obj.png	Counter({'man': 7, 'head': 1, 'speaker': 1})
2388645	1267570	singleton_obj	furnishing.n.02	bed	instrumentality, instrumentation	http://object-naming-amore.upf.edu//2388645_1267570_singleton_obj.png	Counter({'bed': 9})
2332333	3038124	supercat_ambiguous	kitchen_utensil.n.01	blender	instrumentality, instrumentation	http://object-naming-amore.upf.edu//2332333_3038124_supercat_ambiguous.png	Counter({'blender': 8, 'blende': 1})
2401252	401383	supercat_ambiguous	athlete.n.01	forward	person	http://object-naming-amore.upf.edu//2401252_401383_supercat_ambiguous.png	Counter({'girl': 6, 'child': 2, 'controller': 1})
2387937	1271653	singleton_obj	furnishing.n.02	bench	instrumentality, instrumentation	http://object-naming-amore.upf.edu//2387937_1271653_singleton_obj.png	Counter({'bench': 9})
2337487	2010656	singleton_obj	train.n.01	train	vehicle	http://object-naming-amore.upf.edu//2337487_2010656_singleton_obj.png	Counter({'train': 9})
2360838	2666181	singleton_obj	dish.n.02	pizza	food, nutrient	http://object-naming-amore.upf.edu//2360838_2666181_singleton_obj.png	Counter({'pizza': 9})
2409684	648597	singleton_obj	aircraft.n.01	plane	vehicle	http://object-naming-amore.upf.edu//2409684_648597_singleton_obj.png	Counter({'plane': 3, 'airplane': 3, 'airport': 1, 'jetliner': 1, 'planes': 1})
2348483	1737816	singleton_obj	ungulate.n.01	zebra	animal	http://object-naming-amore.upf.edu//2348483_1737816_singleton_obj.png	Counter({'zebra': 9})
2411196	3814087	singleton_obj	bird.n.01	bird	animal	http://object-naming-amore.upf.edu//2411196_3814087_singleton_obj.png	Counter({'bird': 8, 'crane': 1})
2392163	1233286	supercat_unique	overgarment.n.01	jacket	article of clothing	http://object-naming-amore.upf.edu//2392163_1233286_supercat_unique.png	Counter({'shirt': 3, 'jacket': 2, 'vest': 1, 'coat': 1, 'sweatshirt': 1, 'sweater': 1})
2382884	536576	singleton_obj	truck.n.01	truck	vehicle	http://object-naming-amore.upf.edu//2382884_536576_singleton_obj.png	Counter({'truck': 6, 'pickup truck': 2, 'black truck': 1})
2358172	805382	singleton_obj	furnishing.n.02	bed	instrumentality, instrumentation	http://object-naming-amore.upf.edu//2358172_805382_singleton_obj.png	Counter({'bed': 8, 'pillows': 1})
2361278	2567296	singleton_obj	outbuilding.n.01	shed	structure, construction	http://object-naming-amore.upf.edu//2361278_2567296_singleton_obj.png	Counter({'shed': 4, 'tennis player': 2, 'building': 1, 'tennis': 1, 'chainlink': 1})
2360518	1994898	supercat_ambiguous	man.n.01	man	person	http://object-naming-amore.upf.edu//2360518_1994898_supercat_ambiguous.png	"Counter({'man': 6, ""man's head"": 1, 'painful': 1, 'toothbrush': 1})"
2374719	2205172	singleton_obj	baked_goods.n.01	cake	food, solid food	http://object-naming-amore.upf.edu//2374719_2205172_singleton_obj.png	Counter({'cake': 7, 'birthday cake': 2})
2399436	1169706	seed_ambiguous	horse.n.01	horse	animal	http://object-naming-amore.upf.edu//2399436_1169706_seed_ambiguous.png	Counter({'horse': 7, 'polo pony': 1, 'racing horse': 1})
2326722	3162404	supercat_ambiguous	woman.n.01	lady	person	http://object-naming-amore.upf.edu//2326722_3162404_supercat_ambiguous.png	Counter({'woman': 8, 'elderly woman': 1})
2365138	2484889	singleton_obj	bird.n.01	bird	animal	http://object-naming-amore.upf.edu//2365138_2484889_singleton_obj.png	Counter({'bird': 6, 'stork': 2, 'white bird': 1})
2324958	2729259	singleton_obj	furnishing.n.02	bed	instrumentality, instrumentation	http://object-naming-amore.upf.edu//2324958_2729259_singleton_obj.png	Counter({'bed': 8, 'hotel bed': 1})
1160010	1600228	supercat_unique	dress.n.01	dress	article of clothing	http://object-naming-amore.upf.edu//1160010_1600228_supercat_unique.png	Counter({'dress': 5, 'wedding dress': 2, 'newly wed': 1, 'flower arrangement': 1})
2407712	274879	singleton_obj	furnishing.n.02	chair	instrumentality, instrumentation	http://object-naming-amore.upf.edu//2407712_274879_singleton_obj.png	Counter({'bench': 8, 'rocking chair': 1})
2357528	811361	supercat_ambiguous	overgarment.n.01	jacket	article of clothing	http://object-naming-amore.upf.edu//2357528_811361_supercat_ambiguous.png	Counter({'jacket': 5, 'suit': 3, 'blazer': 1})
2349437	1969825	supercat_unique	man.n.01	guy	person	http://object-naming-amore.upf.edu//2349437_1969825_supercat_unique.png	Counter({'man': 9})
2381902	700940	singleton_obj	foodstuff.n.02	sauce	food, nutrient	http://object-naming-amore.upf.edu//2381902_700940_singleton_obj.png	Counter({'food': 4, 'eggs': 1, 'benedicts': 1, 'burger': 1, 'breakfast': 1, 'egg': 1})
2376760	2608866	singleton_obj	furnishing.n.02	bed	instrumentality, instrumentation	http://object-naming-amore.upf.edu//2376760_2608866_singleton_obj.png	Counter({'bed': 9})
2416052	3127267	singleton_obj	vessel.n.03	vase	instrumentality, instrumentation	http://object-naming-amore.upf.edu//2416052_3127267_singleton_obj.png	Counter({'vase': 9})
2343527	3917021	singleton_obj	boat.n.01	boat	vehicle	http://object-naming-amore.upf.edu//2343527_3917021_singleton_obj.png	Counter({'boat': 9})
1159823	3705291	singleton_obj	boat.n.01	boat	vehicle	http://object-naming-amore.upf.edu//1159823_3705291_singleton_obj.png	Counter({'boat': 9})
2387174	678906	singleton_obj	horse.n.01	horse	animal	http://object-naming-amore.upf.edu//2387174_678906_singleton_obj.png	Counter({'horse': 9})
2391619	1239407	singleton_obj	furnishing.n.02	bed	instrumentality, instrumentation	http://object-naming-amore.upf.edu//2391619_1239407_singleton_obj.png	Counter({'bed': 9})
2330188	3239411	singleton_obj	ungulate.n.01	giraffe	animal	http://object-naming-amore.upf.edu//2330188_3239411_singleton_obj.png	Counter({'giraffe': 8, 'giraffe head': 1})
2373219	733775	singleton_obj	foodstuff.n.02	cheese	food, nutrient	http://object-naming-amore.upf.edu//2373219_733775_singleton_obj.png	Counter({'pizza': 4, 'food': 3, 'toppings': 2})
2401732	396490	singleton_obj	aircraft.n.01	airplane	vehicle	http://object-naming-amore.upf.edu//2401732_396490_singleton_obj.png	Counter({'plane': 5, 'airplane': 4})
2391079	1244104	singleton_obj	male_child.n.01	boy	person	http://object-naming-amore.upf.edu//2391079_1244104_singleton_obj.png	Counter({'boy': 3, 'skater': 2, 'skateboarder': 2, 'man': 1, 'skateboard': 1})
2361484	1730668	supercat_unique	bridge.n.01	bridge	structure, construction	http://object-naming-amore.upf.edu//2361484_1730668_supercat_unique.png	Counter({'bridge': 7, 'overpass': 1, 'roof': 1})
2348570	881287	supercat_unique	overgarment.n.01	jacket	article of clothing	http://object-naming-amore.upf.edu//2348570_881287_supercat_unique.png	Counter({'jacket': 9})
2318126	3418355	singleton_obj	furnishing.n.02	desk	instrumentality, instrumentation	http://object-naming-amore.upf.edu//2318126_3418355_singleton_obj.png	Counter({'desk': 8, 'keyboard': 1})
2348597	881116	singleton_obj	ship.n.01	ship	vehicle	http://object-naming-amore.upf.edu//2348597_881116_singleton_obj.png	Counter({'wall': 4, 'ship': 2, 'boat': 1, 'building': 1, 'glasses': 1})
2402485	389224	singleton_obj	woman.n.01	woman	person	http://object-naming-amore.upf.edu//2402485_389224_singleton_obj.png	Counter({'woman': 4, 'player': 2, 'sweatshirt': 1, 'girl': 1, 'person': 1})
2318449	1010643	singleton_obj	furnishing.n.02	desk	instrumentality, instrumentation	http://object-naming-amore.upf.edu//2318449_1010643_singleton_obj.png	Counter({'desk': 8, 'keyboard': 1})
2393380	472852	singleton_obj	aircraft.n.01	airplane	vehicle	http://object-naming-amore.upf.edu//2393380_472852_singleton_obj.png	Counter({'airplane': 7, 'plane': 2})
2384223	527933	singleton_obj	horse.n.01	horse	animal	http://object-naming-amore.upf.edu//2384223_527933_singleton_obj.png	Counter({'horse': 8, 'pony': 1})
4820	1563297	singleton_obj	vessel.n.03	bowl	instrumentality, instrumentation	http://object-naming-amore.upf.edu//4820_1563297_singleton_obj.png	Counter({'bowl': 5, 'soup': 3, 'ramen': 1})
2327956	2735113	singleton_obj	male_child.n.01	boy	person	http://object-naming-amore.upf.edu//2327956_2735113_singleton_obj.png	Counter({'boy': 5, 'kid': 1, 'player': 1, 'baseball mitt': 1, 'child': 1})
2403122	383428	seed_ambiguous	furnishing.n.02	countertop	instrumentality, instrumentation	http://object-naming-amore.upf.edu//2403122_383428_seed_ambiguous.png	Counter({'sink': 5, 'vanity': 2, 'cabinet': 1, 'sink cabinet': 1})
2361018	2741343	seed_ambiguous	ungulate.n.01	zebra	animal	http://object-naming-amore.upf.edu//2361018_2741343_seed_ambiguous.png	Counter({'zebra': 8, 'neck': 1})
2327851	2763656	singleton_obj	dish.n.02	sandwich	food, nutrient	http://object-naming-amore.upf.edu//2327851_2763656_singleton_obj.png	Counter({'sandwich': 8, 'sub sandwich': 1})
2354949	834169	supercat_unique	shirt.n.01	shirt	article of clothing	http://object-naming-amore.upf.edu//2354949_834169_supercat_unique.png	Counter({'shirt': 6, 't-shirt': 1, 'man': 1, 'necklace': 1})
2357755	809057	singleton_obj	horse.n.01	horse	animal	http://object-naming-amore.upf.edu//2357755_809057_singleton_obj.png	Counter({'horse': 9})
2392482	1229567	singleton_obj	aircraft.n.01	plane	vehicle	http://object-naming-amore.upf.edu//2392482_1229567_singleton_obj.png	Counter({'airplane': 5, 'plane': 3, 'jetliner': 1})
4077	1556611	singleton_obj	furnishing.n.02	dresser	instrumentality, instrumentation	http://object-naming-amore.upf.edu//4077_1556611_singleton_obj.png	Counter({'dresser': 8, 'cabinet': 1})
2338900	3699188	supercat_unique	overgarment.n.01	blazer	article of clothing	http://object-naming-amore.upf.edu//2338900_3699188_supercat_unique.png	Counter({'jacket': 7, 'suit': 1, 'coat': 1})
2317148	2900684	supercat_unique	woman.n.01	girl	person	http://object-naming-amore.upf.edu//2317148_2900684_supercat_unique.png	Counter({'woman': 5, 'girl': 4})
2391862	1236682	singleton_obj	cutlery.n.02	fork	ware	http://object-naming-amore.upf.edu//2391862_1236682_singleton_obj.png	Counter({'fork': 9})
2345052	911036	singleton_obj	horse.n.01	horse	animal	http://object-naming-amore.upf.edu//2345052_911036_singleton_obj.png	Counter({'horse': 9})
2359393	793716	supercat_unique	dish.n.02	blt	food, nutrient	http://object-naming-amore.upf.edu//2359393_793716_supercat_unique.png	Counter({'sandwich': 8, 'burger': 1})
2331747	3282314	singleton_obj	man.n.01	man	person	http://object-naming-amore.upf.edu//2331747_3282314_singleton_obj.png	Counter({'player': 3, 'boy': 2, 'catcher': 2, 'baseball player': 1, 'baseball': 1})
2373584	2114930	singleton_obj	furnishing.n.02	curtain	instrumentality, instrumentation	http://object-naming-amore.upf.edu//2373584_2114930_singleton_obj.png	Counter({'curtain': 7, 'curtains': 1, 'window covering': 1})
2410174	647997	singleton_obj	aircraft.n.01	plane	vehicle	http://object-naming-amore.upf.edu//2410174_647997_singleton_obj.png	Counter({'airplane': 4, 'plane': 3, 'seaplane': 1, 'airplance': 1})
713906	1590173	singleton_obj	train.n.01	train	vehicle	http://object-naming-amore.upf.edu//713906_1590173_singleton_obj.png	Counter({'train': 9})
2327056	3493854	singleton_obj	dish.n.02	pizza	food, nutrient	http://object-naming-amore.upf.edu//2327056_3493854_singleton_obj.png	Counter({'pizza': 5, 'toppings': 1, 'food': 1, 'pizza toppings': 1, 'cheese': 1})
2405535	3812587	supercat_unique	furnishing.n.02	bench	instrumentality, instrumentation	http://object-naming-amore.upf.edu//2405535_3812587_supercat_unique.png	Counter({'bench': 7, 'man': 2})
2354145	2563696	singleton_obj	feline.n.01	cat	animal	http://object-naming-amore.upf.edu//2354145_2563696_singleton_obj.png	Counter({'cat': 9})
2361247	783212	supercat_unique	shirt.n.01	shirt	article of clothing	http://object-naming-amore.upf.edu//2361247_783212_supercat_unique.png	Counter({'shirt': 6, 'person': 1, 'mobile phone': 1, 'phone': 1})
2378751	1365246	singleton_obj	house.n.01	house	structure, construction	http://object-naming-amore.upf.edu//2378751_1365246_singleton_obj.png	Counter({'house': 8, 'build': 1})
2322985	3414275	supercat_unique	man.n.01	man	person	http://object-naming-amore.upf.edu//2322985_3414275_supercat_unique.png	Counter({'man': 8, 'mobile phone': 1})
2414060	160660	singleton_obj	furnishing.n.02	chair	instrumentality, instrumentation	http://object-naming-amore.upf.edu//2414060_160660_singleton_obj.png	Counter({'chair': 9})
2352087	2022556	singleton_obj	boat.n.01	boat	vehicle	http://object-naming-amore.upf.edu//2352087_2022556_singleton_obj.png	Counter({'boat': 8, 'ship': 1})
2417944	2800434	supercat_unique	aircraft.n.01	airplane	vehicle	http://object-naming-amore.upf.edu//2417944_2800434_supercat_unique.png	Counter({'plane': 5, 'rc plane': 1, 'airplane': 1, 'glider': 1, 'man': 1})
2367808	750044	singleton_obj	furnishing.n.02	table	instrumentality, instrumentation	http://object-naming-amore.upf.edu//2367808_750044_singleton_obj.png	Counter({'table': 6, 'vase': 2, 'flower pot': 1})
2408521	1092916	singleton_obj	baked_goods.n.01	cake	food, solid food	http://object-naming-amore.upf.edu//2408521_1092916_singleton_obj.png	Counter({'cake': 7, 'wedding cake': 2})
2364613	2329871	singleton_obj	aircraft.n.01	plane	vehicle	http://object-naming-amore.upf.edu//2364613_2329871_singleton_obj.png	Counter({'airplane': 4, 'jet': 2, 'toy': 1, 'fighter plane': 1, 'aircraft': 1})
2343885	2025509	supercat_unique	bridge.n.01	bridge	structure, construction	http://object-naming-amore.upf.edu//2343885_2025509_supercat_unique.png	Counter({'bridge': 6, 'overpass': 1, 'railyard': 1, 'freeway': 1})
2328699	3334430	supercat_ambiguous	horse.n.01	horse	animal	http://object-naming-amore.upf.edu//2328699_3334430_supercat_ambiguous.png	Counter({'horse': 8, 'horsehead': 1})
2395189	2177060	singleton_obj	motorcycle.n.01	motorcycle	vehicle	http://object-naming-amore.upf.edu//2395189_2177060_singleton_obj.png	Counter({'motorcycle': 8, 'bike': 1})
2393644	1218137	singleton_obj	overgarment.n.01	coat	article of clothing	http://object-naming-amore.upf.edu//2393644_1218137_singleton_obj.png	Counter({'jacket': 6, 'coat': 1, 'suit': 1, 'suit jacket': 1})
2372441	2032163	singleton_obj	ungulate.n.01	giraffe	animal	http://object-naming-amore.upf.edu//2372441_2032163_singleton_obj.png	Counter({'giraffe': 9})
2373733	1799473	seed_ambiguous	furnishing.n.02	curtain	instrumentality, instrumentation	http://object-naming-amore.upf.edu//2373733_1799473_seed_ambiguous.png	Counter({'curtain': 7, 'cat': 2})
2349067	2180920	supercat_unique	furnishing.n.02	carpet	instrumentality, instrumentation	http://object-naming-amore.upf.edu//2349067_2180920_supercat_unique.png	Counter({'carpet': 6, 'charger': 1, 'desk': 1, 'rug': 1})
2405208	2581103	supercat_ambiguous	woman.n.01	lady	person	http://object-naming-amore.upf.edu//2405208_2581103_supercat_ambiguous.png	Counter({'woman': 8, 'book': 1})
2377696	2079846	singleton_obj	furnishing.n.02	bed	instrumentality, instrumentation	http://object-naming-amore.upf.edu//2377696_2079846_singleton_obj.png	Counter({'bed': 5, 'cat': 2, 'blanket': 2})
2387125	3843690	singleton_obj	ungulate.n.01	zebra	animal	http://object-naming-amore.upf.edu//2387125_3843690_singleton_obj.png	Counter({'zebra': 9})
2317262	1050415	singleton_obj	ungulate.n.01	giraffe	animal	http://object-naming-amore.upf.edu//2317262_1050415_singleton_obj.png	Counter({'giraffe': 9})
2369241	612929	singleton_obj	motorcycle.n.01	motorcycle	vehicle	http://object-naming-amore.upf.edu//2369241_612929_singleton_obj.png	Counter({'motorcycle': 9})
2361139	783877	singleton_obj	woman.n.01	woman	person	http://object-naming-amore.upf.edu//2361139_783877_singleton_obj.png	Counter({'woman': 8, 'girl': 1})
2316153	3508942	seed_ambiguous	furnishing.n.02	sofa	instrumentality, instrumentation	http://object-naming-amore.upf.edu//2316153_3508942_seed_ambiguous.png	Counter({'couch': 5, 'love seat': 2, 'loveseat': 2})
2363948	3889245	singleton_obj	man.n.01	guy	person	http://object-naming-amore.upf.edu//2363948_3889245_singleton_obj.png	Counter({'man': 9})
2341841	2354671	supercat_unique	baked_goods.n.01	bread	food, solid food	http://object-naming-amore.upf.edu//2341841_2354671_supercat_unique.png	Counter({'bread': 5, 'sandwich': 2, 'hotdog': 1, 'hot dog': 1})
2403093	383681	singleton_obj	kitchen_utensil.n.01	pan	instrumentality, instrumentation	http://object-naming-amore.upf.edu//2403093_383681_singleton_obj.png	Counter({'pan': 5, 'tray': 3, 'cookie sheet': 1})
2369549	2116857	supercat_ambiguous	neckwear.n.01	tie	article of clothing	http://object-naming-amore.upf.edu//2369549_2116857_supercat_ambiguous.png	Counter({'tie': 7, 'necktie': 1, 'neck tie': 1})
2365926	631341	seed_ambiguous	furnishing.n.02	chair	instrumentality, instrumentation	http://object-naming-amore.upf.edu//2365926_631341_seed_ambiguous.png	Counter({'chair': 9})
2410937	318664	supercat_unique	shirt.n.01	t-shirt	article of clothing	http://object-naming-amore.upf.edu//2410937_318664_supercat_unique.png	Counter({'shirt': 5, 'man': 2, 'tshirt': 1, 't-shirt': 1})
2408197	266239	supercat_unique	child.n.01	toddler	person	http://object-naming-amore.upf.edu//2408197_266239_supercat_unique.png	Counter({'boy': 6, 'child': 2, 'toddler': 1})
2333783	2956248	singleton_obj	furnishing.n.02	bed	instrumentality, instrumentation	http://object-naming-amore.upf.edu//2333783_2956248_singleton_obj.png	Counter({'bed': 9})
2398906	420923	singleton_obj	male_child.n.01	boy	person	http://object-naming-amore.upf.edu//2398906_420923_singleton_obj.png	Counter({'man': 4, 'person': 2, 'skateboarder': 2, 'skater': 1})
2374904	2403668	supercat_ambiguous	vessel.n.03	bottle	instrumentality, instrumentation	http://object-naming-amore.upf.edu//2374904_2403668_supercat_ambiguous.png	Counter({'wine': 4, 'bottle': 3, 'wine bottle': 2})
2413212	3312914	singleton_obj	aircraft.n.01	airplane	vehicle	http://object-naming-amore.upf.edu//2413212_3312914_singleton_obj.png	Counter({'plane': 5, 'airplane': 3, 'jetliner': 1})
2322357	2999978	singleton_obj	horse.n.01	horse	animal	http://object-naming-amore.upf.edu//2322357_2999978_singleton_obj.png	Counter({'horse': 9})
2361120	2364984	seed_ambiguous	dish.n.02	pasta	food, nutrient	http://object-naming-amore.upf.edu//2361120_2364984_seed_ambiguous.png	Counter({'food': 6, 'salad': 1, 'broccoli': 1, 'vegetables': 1})
2405484	1107393	singleton_obj	dog.n.01	dog	animal	http://object-naming-amore.upf.edu//2405484_1107393_singleton_obj.png	Counter({'dog': 9})
2398990	1173436	singleton_obj	aircraft.n.01	airplane	vehicle	http://object-naming-amore.upf.edu//2398990_1173436_singleton_obj.png	Counter({'airplane': 6, 'plane': 2, 'jetliner': 1})
2409605	238022	singleton_obj	truck.n.01	truck	vehicle	http://object-naming-amore.upf.edu//2409605_238022_singleton_obj.png	Counter({'truck': 6, 'vehicle': 1, 'mini bus': 1, 'van': 1})
2370244	2303277	seed_ambiguous	furnishing.n.02	bed	instrumentality, instrumentation	http://object-naming-amore.upf.edu//2370244_2303277_seed_ambiguous.png	Counter({'bed': 9})
2345344	2300743	supercat_unique	baked_goods.n.01	cake	food, solid food	http://object-naming-amore.upf.edu//2345344_2300743_supercat_unique.png	Counter({'cake': 9})
2336722	2698052	singleton_obj	lamp.n.01	lamp	instrumentality, instrumentation	http://object-naming-amore.upf.edu//2336722_2698052_singleton_obj.png	Counter({'streetlight': 3, 'street light': 2, 'street lamp': 2, 'lamp': 1, 'light': 1})
2347316	2044019	supercat_unique	horse.n.01	horse	animal	http://object-naming-amore.upf.edu//2347316_2044019_supercat_unique.png	Counter({'horse': 9})
2345857	904289	singleton_obj	feline.n.01	cat	animal	http://object-naming-amore.upf.edu//2345857_904289_singleton_obj.png	Counter({'cat': 9})
2358308	2324072	seed_ambiguous	headdress.n.01	hood	article of clothing	http://object-naming-amore.upf.edu//2358308_2324072_seed_ambiguous.png	Counter({'hat': 8, 'mascott': 1})
2377607	564564	singleton_obj	male_child.n.01	boy	person	http://object-naming-amore.upf.edu//2377607_564564_singleton_obj.png	Counter({'skateboarder': 4, 'boy': 3, 'man': 1, 'skater': 1})
2369077	2471567	seed_ambiguous	aircraft.n.01	plane	vehicle	http://object-naming-amore.upf.edu//2369077_2471567_seed_ambiguous.png	Counter({'airplane': 6, 'plane': 2, 'jet': 1})
2318074	1014405	singleton_obj	furnishing.n.02	counter	instrumentality, instrumentation	http://object-naming-amore.upf.edu//2318074_1014405_singleton_obj.png	Counter({'counter': 3, 'sink': 3, 'vanity': 3})
2413053	2708055	singleton_obj	furnishing.n.02	sofa	instrumentality, instrumentation	http://object-naming-amore.upf.edu//2413053_2708055_singleton_obj.png	Counter({'backpack': 8, 'bench': 1})
2373162	1773756	supercat_unique	headdress.n.01	cap	article of clothing	http://object-naming-amore.upf.edu//2373162_1773756_supercat_unique.png	Counter({'hat': 9})
2328170	3277536	singleton_obj	motorcycle.n.01	motorcycle	vehicle	http://object-naming-amore.upf.edu//2328170_3277536_singleton_obj.png	Counter({'motorcycle': 8, 'wheel': 1})
2322862	990436	seed_ambiguous	ungulate.n.01	giraffe	animal	http://object-naming-amore.upf.edu//2322862_990436_seed_ambiguous.png	Counter({'giraffe': 9})
2380079	711349	singleton_obj	woman.n.01	woman	person	http://object-naming-amore.upf.edu//2380079_711349_singleton_obj.png	Counter({'woman': 7, 'sweater': 1, 'girl': 1})
2397306	1190961	supercat_unique	car.n.01	car	vehicle	http://object-naming-amore.upf.edu//2397306_1190961_supercat_unique.png	Counter({'car': 8, 'wheel': 1})
2317291	3072483	singleton_obj	ungulate.n.01	giraffe	animal	http://object-naming-amore.upf.edu//2317291_3072483_singleton_obj.png	Counter({'giraffe': 9})
2389027	1264691	singleton_obj	house.n.01	house	structure, construction	http://object-naming-amore.upf.edu//2389027_1264691_singleton_obj.png	Counter({'building': 4, 'house': 2, 'church': 1, 'mural': 1, 'sheep': 1})
2374924	1732446	singleton_obj	dish.n.02	pizza	food, nutrient	http://object-naming-amore.upf.edu//2374924_1732446_singleton_obj.png	Counter({'pizza': 9})
2354859	3776050	singleton_obj	furnishing.n.02	sofa	instrumentality, instrumentation	http://object-naming-amore.upf.edu//2354859_3776050_singleton_obj.png	Counter({'couch': 5, 'sofa': 3, 'sectional': 1})
2328636	3483806	singleton_obj	furnishing.n.02	bed	instrumentality, instrumentation	http://object-naming-amore.upf.edu//2328636_3483806_singleton_obj.png	Counter({'bed': 9})
2409335	363471	singleton_obj	aircraft.n.01	airplane	vehicle	http://object-naming-amore.upf.edu//2409335_363471_singleton_obj.png	Counter({'airplane': 5, 'plane': 2, 'jet': 1, 'aircrat': 1})
2371220	598988	singleton_obj	dog.n.01	dog	animal	http://object-naming-amore.upf.edu//2371220_598988_singleton_obj.png	Counter({'dog': 9})
2391166	1243299	singleton_obj	dish.n.02	sandwich	food, nutrient	http://object-naming-amore.upf.edu//2391166_1243299_singleton_obj.png	Counter({'burger': 4, 'sandwich': 4, 'hamburger': 1})
2341933	3651762	supercat_unique	man.n.01	guy	person	http://object-naming-amore.upf.edu//2341933_3651762_supercat_unique.png	Counter({'man': 7, 'boy': 1, 'clothing': 1})
2387482	1275560	supercat_unique	robe.n.01	robe	article of clothing	http://object-naming-amore.upf.edu//2387482_1275560_supercat_unique.png	Counter({'shirt': 5, 'jacket': 3, 'coat': 1})
2391144	1243450	singleton_obj	bird.n.01	owl	animal	http://object-naming-amore.upf.edu//2391144_1243450_singleton_obj.png	Counter({'bird': 5, 'owl': 4})
2408715	256354	singleton_obj	vessel.n.03	bowl	instrumentality, instrumentation	http://object-naming-amore.upf.edu//2408715_256354_singleton_obj.png	Counter({'bowl': 9})
2368272	618756	singleton_obj	woman.n.01	girl	person	http://object-naming-amore.upf.edu//2368272_618756_singleton_obj.png	Counter({'girl': 5, 'toddler': 1, 'jacket': 1, 'baby': 1, 'child': 1})
2328595	3053724	singleton_obj	furnishing.n.02	carpet	instrumentality, instrumentation	http://object-naming-amore.upf.edu//2328595_3053724_singleton_obj.png	Counter({'rug': 4, 'carpet': 3, 'area rug': 2})
2378165	714919	supercat_unique	restaurant.n.01	restaurant	structure, construction	http://object-naming-amore.upf.edu//2378165_714919_supercat_unique.png	Counter({'window': 2, 'store': 2, 'storefront': 2, 'building': 1, 'store front': 1, 'man': 1})
2391440	1240756	singleton_obj	shirt.n.01	shirt	article of clothing	http://object-naming-amore.upf.edu//2391440_1240756_singleton_obj.png	Counter({'shirt': 8, 'button down shirt': 1})
2396389	444911	supercat_unique	foodstuff.n.02	flour	food, nutrient	http://object-naming-amore.upf.edu//2396389_444911_supercat_unique.png	Counter({'table': 3, 'food': 1, 'counter': 1, 'tablecloth': 1, 'counter top': 1, 'pan': 1, 'pizza': 1})
2377761	3094832	supercat_unique	man.n.01	man	person	http://object-naming-amore.upf.edu//2377761_3094832_supercat_unique.png	Counter({'man': 9})
2382248	697982	singleton_obj	ungulate.n.01	giraffe	animal	http://object-naming-amore.upf.edu//2382248_697982_singleton_obj.png	Counter({'giraffe': 9})
2329699	3056565	singleton_obj	horse.n.01	horse	animal	http://object-naming-amore.upf.edu//2329699_3056565_singleton_obj.png	Counter({'horse': 9})
2351025	2506368	singleton_obj	woman.n.01	lady	person	http://object-naming-amore.upf.edu//2351025_2506368_singleton_obj.png	Counter({'woman': 4, 'people': 2, 'mom': 1, 'mother and son': 1, 'family': 1})
2350710	1666345	supercat_unique	child.n.01	child	person	http://object-naming-amore.upf.edu//2350710_1666345_supercat_unique.png	Counter({'boy': 4, 'child': 4, 'toddler': 1})
2359764	1941530	singleton_obj	train.n.01	train	vehicle	http://object-naming-amore.upf.edu//2359764_1941530_singleton_obj.png	Counter({'train': 9})
2317389	2764355	singleton_obj	bridge.n.01	bridge	structure, construction	http://object-naming-amore.upf.edu//2317389_2764355_singleton_obj.png	Counter({'bridge': 6, 'overpass': 3})
2403170	383149	singleton_obj	ungulate.n.01	sheep	animal	http://object-naming-amore.upf.edu//2403170_383149_singleton_obj.png	Counter({'sheep': 8, 'goat': 1})
2369693	2113848	singleton_obj	aircraft.n.01	airplane	vehicle	http://object-naming-amore.upf.edu//2369693_2113848_singleton_obj.png	Counter({'airplane': 6, 'plane': 3})
2345543	907190	supercat_unique	baked_goods.n.01	cake	food, solid food	http://object-naming-amore.upf.edu//2345543_907190_supercat_unique.png	Counter({'cake': 7, 'cak': 1, 'birthday cake': 1})
2372541	3733173	singleton_obj	woman.n.01	lady	person	http://object-naming-amore.upf.edu//2372541_3733173_singleton_obj.png	Counter({'tennis player': 4, 'player': 3, 'woman': 2})
2404075	1119045	supercat_unique	furnishing.n.02	couch	instrumentality, instrumentation	http://object-naming-amore.upf.edu//2404075_1119045_supercat_unique.png	Counter({'couch': 7, 'dog': 1, 'sofa': 1})
2316186	3108653	singleton_obj	ungulate.n.01	giraffe	animal	http://object-naming-amore.upf.edu//2316186_3108653_singleton_obj.png	Counter({'giraffe': 9})
2400096	411514	singleton_obj	woman.n.01	woman	person	http://object-naming-amore.upf.edu//2400096_411514_singleton_obj.png	Counter({'woman': 9})
2412811	186335	singleton_obj	furnishing.n.02	cabinet	instrumentality, instrumentation	http://object-naming-amore.upf.edu//2412811_186335_singleton_obj.png	Counter({'cupboard': 4, 'cabinet': 4, 'cabinets': 1})
2378497	3669248	supercat_unique	dress.n.01	dress	article of clothing	http://object-naming-amore.upf.edu//2378497_3669248_supercat_unique.png	Counter({'dress': 9})
2350588	2459222	singleton_obj	car.n.01	car	vehicle	http://object-naming-amore.upf.edu//2350588_2459222_singleton_obj.png	Counter({'car': 6, 'automobile': 1, 'vehicle': 1, 'windshield': 1})
2380780	709201	seed_ambiguous	ungulate.n.01	zebra	animal	http://object-naming-amore.upf.edu//2380780_709201_seed_ambiguous.png	Counter({'zebra': 8, 'zeper': 1})
2351618	859434	singleton_obj	aircraft.n.01	jet	vehicle	http://object-naming-amore.upf.edu//2351618_859434_singleton_obj.png	Counter({'airplane': 6, 'plane': 1, 'plan': 1, 'aircraft': 1})
2410970	647465	singleton_obj	woman.n.01	girl	person	http://object-naming-amore.upf.edu//2410970_647465_singleton_obj.png	Counter({'dress': 3, 'girl': 3, 'woman': 2, 'child': 1})
2360837	785673	singleton_obj	bridge.n.01	bridge	structure, construction	http://object-naming-amore.upf.edu//2360837_785673_singleton_obj.png	Counter({'bridge': 8, 'birchi': 1})
2349252	1810659	singleton_obj	furnishing.n.02	bed	instrumentality, instrumentation	http://object-naming-amore.upf.edu//2349252_1810659_singleton_obj.png	Counter({'bed': 8, 'bad': 1})
2349051	1673523	singleton_obj	man.n.01	man	person	http://object-naming-amore.upf.edu//2349051_1673523_singleton_obj.png	Counter({'man': 6, 'men': 1, 'swimmer': 1, 'person': 1})
2404023	1119519	supercat_ambiguous	headdress.n.01	hood	article of clothing	http://object-naming-amore.upf.edu//2404023_1119519_supercat_ambiguous.png	Counter({'hood': 3, 'hat': 2, 'hoodie': 1, 'woman': 1, 'girl': 1, 'head gear': 1})
2384032	1314193	singleton_obj	aircraft.n.01	jet	vehicle	http://object-naming-amore.upf.edu//2384032_1314193_singleton_obj.png	Counter({'airplane': 5, 'jet': 2, 'plan': 1, 'aircraft': 1})
2346906	895466	singleton_obj	baked_goods.n.01	cake	food, solid food	http://object-naming-amore.upf.edu//2346906_895466_singleton_obj.png	Counter({'cake': 7, 'cock': 1, 'wedding cake': 1})
2344491	2318572	supercat_unique	dress.n.01	dress	article of clothing	http://object-naming-amore.upf.edu//2344491_2318572_supercat_unique.png	Counter({'dress': 3, 'sweater': 3, 'jacket': 1, 'shirt': 1, 'girl': 1})
2410351	1087038	singleton_obj	furnishing.n.02	counter	instrumentality, instrumentation	http://object-naming-amore.upf.edu//2410351_1087038_singleton_obj.png	Counter({'sink': 4, 'sinks': 2, 'counter': 2, 'bathroom vanity': 1})
2355522	2075522	singleton_obj	furnishing.n.02	desk	instrumentality, instrumentation	http://object-naming-amore.upf.edu//2355522_2075522_singleton_obj.png	Counter({'desk': 6, 'chair': 2, 'computer desk': 1})
2400587	1156995	singleton_obj	truck.n.01	truck	vehicle	http://object-naming-amore.upf.edu//2400587_1156995_singleton_obj.png	Counter({'truck': 8, 'box truck': 1})
2354634	836934	supercat_unique	house.n.01	house	structure, construction	http://object-naming-amore.upf.edu//2354634_836934_supercat_unique.png	Counter({'building': 3, 'house': 2, 'shed': 1, 'shelter': 1, 'brick': 1, 'hut': 1})
2318723	1007756	singleton_obj	feline.n.01	cat	animal	http://object-naming-amore.upf.edu//2318723_1007756_singleton_obj.png	Counter({'cat': 9})
2390040	1254590	supercat_ambiguous	male_child.n.01	boy	person	http://object-naming-amore.upf.edu//2390040_1254590_supercat_ambiguous.png	Counter({'boy': 5, 'man': 1, 'child': 1, 'shoe': 1, 'kid': 1})
2368938	1886298	seed_ambiguous	dish.n.02	pizza	food, nutrient	http://object-naming-amore.upf.edu//2368938_1886298_seed_ambiguous.png	Counter({'pizza': 9})
2398408	425669	singleton_obj	aircraft.n.01	plane	vehicle	http://object-naming-amore.upf.edu//2398408_425669_singleton_obj.png	Counter({'plane': 5, 'airplane': 3, 'space shuttle carrier': 1})
2413074	3393293	supercat_ambiguous	athlete.n.01	skateboarder	person	http://object-naming-amore.upf.edu//2413074_3393293_supercat_ambiguous.png	Counter({'man': 3, 'skater': 3, 'skateboarder': 2, 'knee pad': 1})
2343626	3082977	seed_ambiguous	ungulate.n.01	giraffe	animal	http://object-naming-amore.upf.edu//2343626_3082977_seed_ambiguous.png	Counter({'giraffe': 8, 'giraffes': 1})
2400832	405044	singleton_obj	shirt.n.01	shirt	article of clothing	http://object-naming-amore.upf.edu//2400832_405044_singleton_obj.png	Counter({'shirt': 6, 't-shirt': 2, 'tshirt': 1})
2408740	364563	seed_ambiguous	furnishing.n.02	chair	instrumentality, instrumentation	http://object-naming-amore.upf.edu//2408740_364563_seed_ambiguous.png	Counter({'chair': 8, 'pants': 1})
2356695	2267288	singleton_obj	house.n.01	house	structure, construction	http://object-naming-amore.upf.edu//2356695_2267288_singleton_obj.png	Counter({'house': 9})
2376540	2687752	seed_ambiguous	furnishing.n.02	sofa	instrumentality, instrumentation	http://object-naming-amore.upf.edu//2376540_2687752_seed_ambiguous.png	Counter({'chair': 7, 'furniture': 1, 'armchair': 1})
2398468	1179538	singleton_obj	man.n.01	man	person	http://object-naming-amore.upf.edu//2398468_1179538_singleton_obj.png	Counter({'man': 4, 'apron': 3, 'worker': 1, 'cook': 1})
2367042	1832042	seed_ambiguous	furnishing.n.02	sofa	instrumentality, instrumentation	http://object-naming-amore.upf.edu//2367042_1832042_seed_ambiguous.png	Counter({'chair': 8, 'armchair': 1})
2379392	712298	singleton_obj	feline.n.01	cat	animal	http://object-naming-amore.upf.edu//2379392_712298_singleton_obj.png	Counter({'cat': 9})
2351067	1879029	supercat_unique	baked_goods.n.01	cake	food, solid food	http://object-naming-amore.upf.edu//2351067_1879029_supercat_unique.png	Counter({'cake': 7, 'food': 1, 'pastry': 1})
2379969	1352189	singleton_obj	aircraft.n.01	airplane	vehicle	http://object-naming-amore.upf.edu//2379969_1352189_singleton_obj.png	Counter({'airplane': 5, 'plane': 2, 'jet': 1, 'jetliner': 1})
2345139	2722748	seed_ambiguous	man.n.01	man's	person	http://object-naming-amore.upf.edu//2345139_2722748_seed_ambiguous.png	Counter({'man': 6, 'suit': 2, 'tie': 1})
2321779	1047180	singleton_obj	train.n.01	train	vehicle	http://object-naming-amore.upf.edu//2321779_1047180_singleton_obj.png	Counter({'train': 9})
2379716	550840	singleton_obj	flower.n.01	flower	plant, flora, plant life	http://object-naming-amore.upf.edu//2379716_550840_singleton_obj.png	Counter({'flower': 5, 'rose': 4})
2381447	1336577	singleton_obj	car.n.01	car	vehicle	http://object-naming-amore.upf.edu//2381447_1336577_singleton_obj.png	Counter({'car': 8, 'fender': 1})
2364469	3738589	supercat_unique	overgarment.n.01	coat	article of clothing	http://object-naming-amore.upf.edu//2364469_3738589_supercat_unique.png	Counter({'jacket': 4, 'donut': 2, 'doughnut': 1, 'shirt': 1, 'donught': 1})
2353891	2514725	singleton_obj	furnishing.n.02	bed	instrumentality, instrumentation	http://object-naming-amore.upf.edu//2353891_2514725_singleton_obj.png	Counter({'bed': 8, 'pillow': 1})
2388655	1267502	supercat_unique	motorcycle.n.01	motorcycle	vehicle	http://object-naming-amore.upf.edu//2388655_1267502_supercat_unique.png	Counter({'motorcycle': 9})
2386712	1283221	singleton_obj	kitchen_utensil.n.01	pan	instrumentality, instrumentation	http://object-naming-amore.upf.edu//2386712_1283221_singleton_obj.png	Counter({'pan': 8, 'food': 1})
2375702	2224649	seed_ambiguous	edible_fruit.n.01	apple	food, nutrient	http://object-naming-amore.upf.edu//2375702_2224649_seed_ambiguous.png	Counter({'apple': 7, 'friut': 1, 'fruit': 1})
2379312	1358715	singleton_obj	male_child.n.01	boy	person	http://object-naming-amore.upf.edu//2379312_1358715_singleton_obj.png	Counter({'boy': 5, 'child': 2, 'kid': 1, 'swim trunks': 1})
2336925	3295954	singleton_obj	furnishing.n.02	bed	instrumentality, instrumentation	http://object-naming-amore.upf.edu//2336925_3295954_singleton_obj.png	Counter({'bed': 9})
2394071	1214388	singleton_obj	ungulate.n.01	zebra	animal	http://object-naming-amore.upf.edu//2394071_1214388_singleton_obj.png	Counter({'zebra': 9})
2353473	845649	singleton_obj	foodstuff.n.02	cheese	food, nutrient	http://object-naming-amore.upf.edu//2353473_845649_singleton_obj.png	Counter({'pizza': 8, 'pizza slice': 1})
2364503	640689	singleton_obj	crockery.n.01	cup	tableware	http://object-naming-amore.upf.edu//2364503_640689_singleton_obj.png	Counter({'cup': 7, 'coffee cup': 1, 'coffe cup': 1})
2374566	2553399	singleton_obj	feline.n.01	cat	animal	http://object-naming-amore.upf.edu//2374566_2553399_singleton_obj.png	Counter({'cat': 9})
2319016	1005362	singleton_obj	woman.n.01	woman	person	http://object-naming-amore.upf.edu//2319016_1005362_singleton_obj.png	Counter({'woman': 7, 'bathing suit': 1, 'swimmer': 1})
2336156	960934	singleton_obj	aircraft.n.01	jet	vehicle	http://object-naming-amore.upf.edu//2336156_960934_singleton_obj.png	Counter({'airplane': 5, 'plane': 3, 'jetliner': 1})
2383462	532672	singleton_obj	boat.n.01	boat.	vehicle	http://object-naming-amore.upf.edu//2383462_532672_singleton_obj.png	Counter({'boat': 8, 'fishing boat': 1})
2392912	476341	singleton_obj	shirt.n.01	shirt	article of clothing	http://object-naming-amore.upf.edu//2392912_476341_singleton_obj.png	Counter({'shirt': 5, 'tie': 2, 'dress shirt': 2})
2397308	663793	supercat_unique	furnishing.n.02	desk	instrumentality, instrumentation	http://object-naming-amore.upf.edu//2397308_663793_supercat_unique.png	Counter({'desk': 4, 'table': 2, 'book': 1, 'computer desk': 1, 'computer table': 1})
2356222	2511331	singleton_obj	aircraft.n.01	aircraft	vehicle	http://object-naming-amore.upf.edu//2356222_2511331_singleton_obj.png	Counter({'airplane': 5, 'plane': 3, 'carrier jet': 1})
2378251	2443452	seed_ambiguous	furnishing.n.02	bed	instrumentality, instrumentation	http://object-naming-amore.upf.edu//2378251_2443452_seed_ambiguous.png	Counter({'bed': 8, 'bedspread': 1})
2382768	695755	singleton_obj	horse.n.01	horse	animal	http://object-naming-amore.upf.edu//2382768_695755_singleton_obj.png	Counter({'horse': 8, 'show horse': 1})
2319625	3165794	seed_ambiguous	ungulate.n.01	giraffe	animal	http://object-naming-amore.upf.edu//2319625_3165794_seed_ambiguous.png	Counter({'giraffe': 9})
2324172	3509933	singleton_obj	athlete.n.01	batter	person	http://object-naming-amore.upf.edu//2324172_3509933_singleton_obj.png	Counter({'batter': 3, 'man': 2, 'baseball player': 2, 'player': 1, 'jersey': 1})
2356732	817760	supercat_unique	dish.n.02	pizza	food, nutrient	http://object-naming-amore.upf.edu//2356732_817760_supercat_unique.png	Counter({'pizza': 9})
2402912	1130075	supercat_unique	furnishing.n.02	sofa	instrumentality, instrumentation	http://object-naming-amore.upf.edu//2402912_1130075_supercat_unique.png	Counter({'couch': 7, 'sofa': 1, 'baby': 1})
2315387	2908022	supercat_unique	vessel.n.03	aquarium	instrumentality, instrumentation	http://object-naming-amore.upf.edu//2315387_2908022_supercat_unique.png	Counter({'aquarium': 6, 'fish tank': 1, 'tank': 1, 'fishtank': 1})
2351721	3099696	singleton_obj	ungulate.n.01	zebra	animal	http://object-naming-amore.upf.edu//2351721_3099696_singleton_obj.png	Counter({'zebra': 9})
61547	1565468	supercat_unique	shirt.n.01	shirt	article of clothing	http://object-naming-amore.upf.edu//61547_1565468_supercat_unique.png	Counter({'shirt': 5, 't-shirt': 4})
2413046	3801795	singleton_obj	male_child.n.01	boy	person	http://object-naming-amore.upf.edu//2413046_3801795_singleton_obj.png	Counter({'boy': 3, 'phone': 3, 'cellphone': 2, 'cell phone': 1})
2386525	1285179	singleton_obj	feline.n.01	cat	animal	http://object-naming-amore.upf.edu//2386525_1285179_singleton_obj.png	Counter({'cat': 9})
2357667	810053	supercat_unique	neckwear.n.01	tie	article of clothing	http://object-naming-amore.upf.edu//2357667_810053_supercat_unique.png	Counter({'tie': 5, 'necktie': 3, 'neck tie': 1})
2405452	331975	supercat_unique	furnishing.n.02	bed	instrumentality, instrumentation	http://object-naming-amore.upf.edu//2405452_331975_supercat_unique.png	Counter({'bed': 6, 'man': 2, 'laptop': 1})
2354394	1992812	singleton_obj	tool.n.01	knife	tool	http://object-naming-amore.upf.edu//2354394_1992812_singleton_obj.png	Counter({'knife': 9})
2413842	165123	singleton_obj	train.n.01	train	vehicle	http://object-naming-amore.upf.edu//2413842_165123_singleton_obj.png	Counter({'train': 8, 'locomotive': 1})
2403984	379162	seed_ambiguous	furnishing.n.02	countertop	instrumentality, instrumentation	http://object-naming-amore.upf.edu//2403984_379162_seed_ambiguous.png	Counter({'hotdog': 4, 'table': 3, 'foil': 1, 'tabletop': 1})
2377223	3679622	seed_ambiguous	woman.n.01	lady	person	http://object-naming-amore.upf.edu//2377223_3679622_seed_ambiguous.png	Counter({'woman': 6, 'player': 2, 'tennis player': 1})
2355851	3773850	supercat_ambiguous	foodstuff.n.02	cheese	food, nutrient	http://object-naming-amore.upf.edu//2355851_3773850_supercat_ambiguous.png	Counter({'banana': 3, 'food': 2, 'turkey': 1, 'bread': 1, 'sandwich filling': 1, 'pickle': 1})
2316144	2936860	singleton_obj	man.n.01	man	person	http://object-naming-amore.upf.edu//2316144_2936860_singleton_obj.png	Counter({'skier': 8, 'man': 1})
2340832	2739281	seed_ambiguous	woman.n.01	girl	person	http://object-naming-amore.upf.edu//2340832_2739281_seed_ambiguous.png	Counter({'woman': 5, 'popsicle': 1, 'watch': 1, 'hair': 1, 'girl': 1})
2399613	1168112	singleton_obj	car.n.01	car	vehicle	http://object-naming-amore.upf.edu//2399613_1168112_singleton_obj.png	Counter({'car': 5, 'police car': 3, 'police': 1})
2340157	2087192	singleton_obj	house.n.01	house	structure, construction	http://object-naming-amore.upf.edu//2340157_2087192_singleton_obj.png	Counter({'house': 7, 'window': 2})
2395377	1205833	supercat_ambiguous	foodstuff.n.02	cheese	food, nutrient	http://object-naming-amore.upf.edu//2395377_1205833_supercat_ambiguous.png	Counter({'pizza': 4, 'cheese': 2, 'food': 1, 'toppings': 1, 'tomato': 1})
2325540	3224960	supercat_unique	dress.n.01	dress	article of clothing	http://object-naming-amore.upf.edu//2325540_3224960_supercat_unique.png	Counter({'jacket': 2, 'chair': 2, 'shirt': 1, 'leg': 1, 'knee': 1, 'coat': 1, 'suit': 1})
2374919	3696610	singleton_obj	bird.n.01	bird	animal	http://object-naming-amore.upf.edu//2374919_3696610_singleton_obj.png	Counter({'bird': 6, 'owl': 2, 'animal': 1})
2381429	704719	singleton_obj	furnishing.n.02	couch	instrumentality, instrumentation	http://object-naming-amore.upf.edu//2381429_704719_singleton_obj.png	Counter({'couch': 6, 'sofa': 3})
2416182	3287813	singleton_obj	ungulate.n.01	zebra	animal	http://object-naming-amore.upf.edu//2416182_3287813_singleton_obj.png	Counter({'zebra': 9})
2363490	3321095	supercat_ambiguous	athlete.n.01	catcher	person	http://object-naming-amore.upf.edu//2363490_3321095_supercat_ambiguous.png	Counter({'man': 2, 'catcher': 2, 'baseball player': 1, 'player': 1, 'baseball mitt': 1, 'athlete': 1, 'baseball catcher': 1})
2372968	1913011	singleton_obj	furnishing.n.02	desk	instrumentality, instrumentation	http://object-naming-amore.upf.edu//2372968_1913011_singleton_obj.png	Counter({'desk': 8, 'dog': 1})
2357826	3550706	seed_ambiguous	foodstuff.n.02	pastry	food, nutrient	http://object-naming-amore.upf.edu//2357826_3550706_seed_ambiguous.png	Counter({'cake': 4, 'food': 2, 'pastry': 1, 'dough': 1, 'pan': 1})
2374352	1910963	singleton_obj	dress.n.01	dress	article of clothing	http://object-naming-amore.upf.edu//2374352_1910963_singleton_obj.png	Counter({'dress': 4, 'wedding dress': 3, 'wedding gown': 1, 'clothes': 1})
2383438	1320689	singleton_obj	aircraft.n.01	airplane	vehicle	http://object-naming-amore.upf.edu//2383438_1320689_singleton_obj.png	Counter({'airplane': 4, 'plane': 3, 'aircraft': 1, 'jet': 1})
2371067	2370834	singleton_obj	man.n.01	guy	person	http://object-naming-amore.upf.edu//2371067_2370834_singleton_obj.png	Counter({'man': 6, 'skateboarder': 2, 'skater': 1})
2360732	2484817	singleton_obj	furnishing.n.02	couch	instrumentality, instrumentation	http://object-naming-amore.upf.edu//2360732_2484817_singleton_obj.png	Counter({'couch': 9})
2365545	1838687	singleton_obj	feline.n.01	cat	animal	http://object-naming-amore.upf.edu//2365545_1838687_singleton_obj.png	Counter({'cat': 9})
2358303	2117513	singleton_obj	bridge.n.01	bridge	structure, construction	http://object-naming-amore.upf.edu//2358303_2117513_singleton_obj.png	Counter({'bricks': 3, 'bridge': 3, 'archway': 1, 'brick': 1, 'building': 1})
2356363	3562674	seed_ambiguous	furnishing.n.02	rug	instrumentality, instrumentation	http://object-naming-amore.upf.edu//2356363_3562674_seed_ambiguous.png	Counter({'rug': 5, 'floor': 1, 'carpet': 1, 'toy': 1, 'area rug': 1})
2408771	255445	singleton_obj	male_child.n.01	boy	person	http://object-naming-amore.upf.edu//2408771_255445_singleton_obj.png	Counter({'boy': 7, 'clothing': 1, 'tennis player': 1})
2347431	3611382	seed_ambiguous	furnishing.n.02	cabinet	instrumentality, instrumentation	http://object-naming-amore.upf.edu//2347431_3611382_seed_ambiguous.png	Counter({'cabinet': 5, 'cupboard': 2, 'bathroom cabinet': 1, 'cabinets': 1})
2376197	3238849	singleton_obj	fish.n.01	tarpon	animal	http://object-naming-amore.upf.edu//2376197_3238849_singleton_obj.png	Counter({'ground': 2, 'circus ring': 1, 'ring': 1, 'dirtbike': 1, 'mat': 1, 'floor': 1, 'bike ring': 1, 'arena': 1})
497917	3717748	singleton_obj	house.n.01	house	structure, construction	http://object-naming-amore.upf.edu//497917_3717748_singleton_obj.png	Counter({'house': 8, 'porch': 1})
2362876	770369	singleton_obj	woman.n.01	woman	person	http://object-naming-amore.upf.edu//2362876_770369_singleton_obj.png	Counter({'woman': 9})
150379	1038399	singleton_obj	aircraft.n.01	airplane	vehicle	http://object-naming-amore.upf.edu//150379_1038399_singleton_obj.png	Counter({'airplane': 5, 'plane': 2, 'wing/propeller': 1, 'engine': 1})
2350520	2037280	singleton_obj	dish.n.02	pizza	food, nutrient	http://object-naming-amore.upf.edu//2350520_2037280_singleton_obj.png	Counter({'pizza': 9})
2356029	2283795	singleton_obj	furnishing.n.02	desk	instrumentality, instrumentation	http://object-naming-amore.upf.edu//2356029_2283795_singleton_obj.png	Counter({'desk': 9})
2376993	568491	singleton_obj	aircraft.n.01	jet	vehicle	http://object-naming-amore.upf.edu//2376993_568491_singleton_obj.png	Counter({'jet': 5, 'airplane': 3, 'fighter jet': 1})
2319213	3443768	supercat_unique	overgarment.n.01	coat	article of clothing	http://object-naming-amore.upf.edu//2319213_3443768_supercat_unique.png	Counter({'jacket': 6, 'coat': 2, 'man': 1})
2414047	160867	singleton_obj	male_child.n.01	boy	person	http://object-naming-amore.upf.edu//2414047_160867_singleton_obj.png	Counter({'boy': 3, 'skateboarder': 2, 'skater': 2, 'child': 2})
2332292	3372111	singleton_obj	aircraft.n.01	plane	vehicle	http://object-naming-amore.upf.edu//2332292_3372111_singleton_obj.png	Counter({'airplane': 6, 'plane': 2, 'jet': 1})
2359352	794040	singleton_obj	furnishing.n.02	desk	instrumentality, instrumentation	http://object-naming-amore.upf.edu//2359352_794040_singleton_obj.png	Counter({'table': 7, 'notebooks': 1, 'desk': 1})
2338318	954560	singleton_obj	bird.n.01	bird	animal	http://object-naming-amore.upf.edu//2338318_954560_singleton_obj.png	Counter({'bird': 7, 'parrot': 2})
2396275	1199260	seed_ambiguous	furnishing.n.02	desk	instrumentality, instrumentation	http://object-naming-amore.upf.edu//2396275_1199260_seed_ambiguous.png	Counter({'desk': 5, 'table': 3, 'computer desk': 1})
2379892	3834495	supercat_ambiguous	athlete.n.01	batter	person	http://object-naming-amore.upf.edu//2379892_3834495_supercat_ambiguous.png	Counter({'batter': 4, 'man': 3, 'baseball player': 2})
2329762	3147867	singleton_obj	furnishing.n.02	counter	instrumentality, instrumentation	http://object-naming-amore.upf.edu//2329762_3147867_singleton_obj.png	Counter({'sink': 3, 'vanity': 2, 'sink cabinet': 1, 'counter': 1, 'vanity sink': 1, 'cabinet': 1})
2365984	755154	supercat_unique	dish.n.02	pizza	food, nutrient	http://object-naming-amore.upf.edu//2365984_755154_supercat_unique.png	Counter({'pizza': 9})
2317130	1023437	supercat_unique	tool.n.01	knife	tool	http://object-naming-amore.upf.edu//2317130_1023437_supercat_unique.png	Counter({'knife': 9})
2400668	406819	supercat_unique	shirt.n.01	shirt	article of clothing	http://object-naming-amore.upf.edu//2400668_406819_supercat_unique.png	Counter({'shirt': 9})
2364747	2476007	singleton_obj	horse.n.01	horse	animal	http://object-naming-amore.upf.edu//2364747_2476007_singleton_obj.png	Counter({'horse': 9})
2406429	369156	singleton_obj	motorcycle.n.01	motorcycle	vehicle	http://object-naming-amore.upf.edu//2406429_369156_singleton_obj.png	Counter({'motorcycle': 9})
2396091	1200740	seed_ambiguous	motorcycle.n.01	motorcycle	vehicle	http://object-naming-amore.upf.edu//2396091_1200740_seed_ambiguous.png	Counter({'motorcycle': 9})
2358561	801287	singleton_obj	bridge.n.01	bridge	structure, construction	http://object-naming-amore.upf.edu//2358561_801287_singleton_obj.png	Counter({'bridge': 4, 'train': 2, 'train tracks': 1, 'track': 1, 'train track': 1})
2373652	731343	singleton_obj	ungulate.n.01	giraffe	animal	http://object-naming-amore.upf.edu//2373652_731343_singleton_obj.png	Counter({'giraffe': 9})
2400651	406917	seed_ambiguous	furnishing.n.02	chair	instrumentality, instrumentation	http://object-naming-amore.upf.edu//2400651_406917_seed_ambiguous.png	Counter({'high chair': 3, 'chair': 3, 'highchair': 3})
2386603	1284454	supercat_unique	shirt.n.01	shirt	article of clothing	http://object-naming-amore.upf.edu//2386603_1284454_supercat_unique.png	Counter({'shirt': 6, 'vest': 2, 'tie': 1})
2370068	742755	singleton_obj	woman.n.01	girl	person	http://object-naming-amore.upf.edu//2370068_742755_singleton_obj.png	Counter({'woman': 7, 'picture': 1, 'girl': 1})
2360097	789639	seed_ambiguous	ungulate.n.01	giraffe	animal	http://object-naming-amore.upf.edu//2360097_789639_seed_ambiguous.png	Counter({'giraffe': 8, 'giraffes': 1})
2409264	245426	supercat_unique	boat.n.01	boat	vehicle	http://object-naming-amore.upf.edu//2409264_245426_supercat_unique.png	Counter({'boat': 9})
2403667	1122565	singleton_obj	dish.n.02	pizza	food, nutrient	http://object-naming-amore.upf.edu//2403667_1122565_singleton_obj.png	Counter({'pizza': 7, 'food': 2})
2317491	1020468	supercat_unique	man.n.01	guy	person	http://object-naming-amore.upf.edu//2317491_1020468_supercat_unique.png	Counter({'man': 8, 'person': 1})
2379010	1362021	singleton_obj	furnishing.n.02	bed	instrumentality, instrumentation	http://object-naming-amore.upf.edu//2379010_1362021_singleton_obj.png	Counter({'bed': 8, 'teddybear': 1})
2402071	1140676	seed_ambiguous	furnishing.n.02	bed	instrumentality, instrumentation	http://object-naming-amore.upf.edu//2402071_1140676_seed_ambiguous.png	Counter({'bed': 8, 'pillow': 1})
2383860	693471	singleton_obj	man.n.01	man	person	http://object-naming-amore.upf.edu//2383860_693471_singleton_obj.png	Counter({'man': 6, 'person': 1, 'boy': 1, 'suit': 1})
2375866	578561	singleton_obj	aircraft.n.01	plane	vehicle	http://object-naming-amore.upf.edu//2375866_578561_singleton_obj.png	Counter({'wing': 3, 'plane': 2, 'airplane': 2, 'airplane wing': 1, 'aircraft wing': 1})
2357810	3550807	singleton_obj	bridge.n.01	bridge	structure, construction	http://object-naming-amore.upf.edu//2357810_3550807_singleton_obj.png	Counter({'bridge': 5, 'railing': 1, 'guardrail': 1, 'bicycle': 1, 'bike': 1})
2334259	3381709	singleton_obj	ungulate.n.01	zebra	animal	http://object-naming-amore.upf.edu//2334259_3381709_singleton_obj.png	Counter({'zebra': 9})
2351987	2184357	singleton_obj	feline.n.01	cat	animal	http://object-naming-amore.upf.edu//2351987_2184357_singleton_obj.png	Counter({'cat': 9})
2413923	163449	supercat_unique	overgarment.n.01	jacket	article of clothing	http://object-naming-amore.upf.edu//2413923_163449_supercat_unique.png	Counter({'suit': 4, 'jacket': 2, 'tie': 2, 'blazer': 1})
2389789	1257172	singleton_obj	baked_goods.n.01	bun	food, solid food	http://object-naming-amore.upf.edu//2389789_1257172_singleton_obj.png	Counter({'burger': 4, 'sandwich': 3, 'bun': 1, 'hamburger': 1})
2413965	3800118	singleton_obj	motorcycle.n.01	motorcycle	vehicle	http://object-naming-amore.upf.edu//2413965_3800118_singleton_obj.png	Counter({'motorcycle': 6, 'motocycle': 1, 'license plate': 1, 'vehicle': 1})
2380450	1346446	singleton_obj	furnishing.n.02	table	instrumentality, instrumentation	http://object-naming-amore.upf.edu//2380450_1346446_singleton_obj.png	Counter({'table': 8, 'chair': 1})
2386601	1284494	supercat_ambiguous	dress.n.01	dress	article of clothing	http://object-naming-amore.upf.edu//2386601_1284494_supercat_ambiguous.png	Counter({'dress': 9})
2364140	2077192	singleton_obj	man.n.01	man	person	http://object-naming-amore.upf.edu//2364140_2077192_singleton_obj.png	Counter({'man': 7, 'person': 1, 'homeless': 1})
2376421	2625018	supercat_unique	furnishing.n.02	desk	instrumentality, instrumentation	http://object-naming-amore.upf.edu//2376421_2625018_supercat_unique.png	Counter({'desk': 6, 'cat': 2, 'desktop': 1})
2349239	2011957	supercat_unique	shelter.n.01	tent	structure, construction	http://object-naming-amore.upf.edu//2349239_2011957_supercat_unique.png	Counter({'tent': 7, 'snowboard': 2})
2413312	176007	supercat_unique	woman.n.01	woman	person	http://object-naming-amore.upf.edu//2413312_176007_supercat_unique.png	Counter({'woman': 6, 'glass': 2, 'wine glass': 1})
2371202	1672681	seed_ambiguous	furnishing.n.02	bed	instrumentality, instrumentation	http://object-naming-amore.upf.edu//2371202_1672681_seed_ambiguous.png	Counter({'bed': 9})
2413651	169088	singleton_obj	aircraft.n.01	plane	vehicle	http://object-naming-amore.upf.edu//2413651_169088_singleton_obj.png	Counter({'airplane': 6, 'plane': 3})
2392581	1228243	singleton_obj	dish.n.02	pizza	food, nutrient	http://object-naming-amore.upf.edu//2392581_1228243_singleton_obj.png	Counter({'pizza': 8, 'food': 1})
2359998	790121	singleton_obj	feline.n.01	cat	animal	http://object-naming-amore.upf.edu//2359998_790121_singleton_obj.png	Counter({'cat': 9})
2404543	341188	singleton_obj	aircraft.n.01	helicopter	vehicle	http://object-naming-amore.upf.edu//2404543_341188_singleton_obj.png	Counter({'helicopter': 8, 'helecopter': 1})
2358896	2290716	supercat_unique	baked_goods.n.01	cake	food, solid food	http://object-naming-amore.upf.edu//2358896_2290716_supercat_unique.png	Counter({'cake': 7, 'birthday cake': 2})
2415684	2825423	supercat_ambiguous	child.n.01	child	person	http://object-naming-amore.upf.edu//2415684_2825423_supercat_ambiguous.png	Counter({'child': 3, 'chair': 2, 'little kid': 1, 'bag': 1, 'girl': 1, 'boy': 1})
2347585	889393	supercat_unique	vessel.n.03	bowl	instrumentality, instrumentation	http://object-naming-amore.upf.edu//2347585_889393_supercat_unique.png	Counter({'salad': 5, 'bowl': 1, 'plate': 1, 'dish': 1, 'entre': 1})
2323299	3135620	singleton_obj	woman.n.01	girl	person	http://object-naming-amore.upf.edu//2323299_3135620_singleton_obj.png	Counter({'girl': 5, 'child': 2, 'little girl': 1, 'clothing': 1})
2393262	667854	supercat_unique	shirt.n.01	t-shirt	article of clothing	http://object-naming-amore.upf.edu//2393262_667854_supercat_unique.png	Counter({'shirt': 7, 'tshirt': 1, 't-shirt': 1})
2351944	857116	singleton_obj	train.n.01	train	vehicle	http://object-naming-amore.upf.edu//2351944_857116_singleton_obj.png	Counter({'train': 8, 'transportation': 1})
2396001	448872	singleton_obj	man.n.01	man	person	http://object-naming-amore.upf.edu//2396001_448872_singleton_obj.png	Counter({'man': 5, 'speaker': 2, 'preacher': 1, 'suit': 1})
2411467	1079593	singleton_obj	dog.n.01	dog	animal	http://object-naming-amore.upf.edu//2411467_1079593_singleton_obj.png	Counter({'dog': 9})
2352826	3581622	singleton_obj	furnishing.n.02	bench	instrumentality, instrumentation	http://object-naming-amore.upf.edu//2352826_3581622_singleton_obj.png	Counter({'bench': 9})
2330509	2909992	singleton_obj	house.n.01	house	structure, construction	http://object-naming-amore.upf.edu//2330509_2909992_singleton_obj.png	Counter({'house': 8, 'door': 1})
2316593	3289562	seed_ambiguous	furnishing.n.02	curtain	instrumentality, instrumentation	http://object-naming-amore.upf.edu//2316593_3289562_seed_ambiguous.png	Counter({'curtain': 7, 'curtains': 2})
2374414	726950	singleton_obj	ungulate.n.01	zebra	animal	http://object-naming-amore.upf.edu//2374414_726950_singleton_obj.png	Counter({'zebra': 9})
2387200	1278267	singleton_obj	dish.n.02	pizza	food, nutrient	http://object-naming-amore.upf.edu//2387200_1278267_singleton_obj.png	Counter({'pizza': 8, 'food': 1})
3984	1070795	seed_ambiguous	man.n.01	man	person	http://object-naming-amore.upf.edu//3984_1070795_seed_ambiguous.png	Counter({'man': 7, 'glasses': 1, 'mechanic': 1})
2385369	1297756	supercat_ambiguous	truck.n.01	truck	vehicle	http://object-naming-amore.upf.edu//2385369_1297756_supercat_ambiguous.png	Counter({'truck': 8, 'car': 1})
2380492	710393	singleton_obj	furnishing.n.02	counter	instrumentality, instrumentation	http://object-naming-amore.upf.edu//2380492_710393_singleton_obj.png	Counter({'desk': 5, 'table': 1, 'keyboard': 1, 'tabletop': 1, 'glasses': 1})
2382790	2224687	singleton_obj	ungulate.n.01	giraffe	animal	http://object-naming-amore.upf.edu//2382790_2224687_singleton_obj.png	Counter({'giraffe': 9})
2319887	997805	singleton_obj	male_child.n.01	boy	person	http://object-naming-amore.upf.edu//2319887_997805_singleton_obj.png	Counter({'boy': 6, 'cellphone': 2, 'kid': 1})
2352058	2968912	supercat_unique	overgarment.n.01	coat	article of clothing	http://object-naming-amore.upf.edu//2352058_2968912_supercat_unique.png	Counter({'jacket': 7, 'coat': 2})
2377097	3192319	seed_ambiguous	furnishing.n.02	chair	instrumentality, instrumentation	http://object-naming-amore.upf.edu//2377097_3192319_seed_ambiguous.png	Counter({'chair': 9})
2344871	2993453	singleton_obj	car.n.01	automobile	vehicle	http://object-naming-amore.upf.edu//2344871_2993453_singleton_obj.png	Counter({'van': 8, 'wheel': 1})
2396543	443228	singleton_obj	woman.n.01	lady	person	http://object-naming-amore.upf.edu//2396543_443228_singleton_obj.png	Counter({'woman': 8, 'glasses': 1})
2362038	777602	supercat_unique	baked_goods.n.01	cake	food, solid food	http://object-naming-amore.upf.edu//2362038_777602_supercat_unique.png	Counter({'cake': 9})
2405366	1108607	singleton_obj	truck.n.01	truck	vehicle	http://object-naming-amore.upf.edu//2405366_1108607_singleton_obj.png	Counter({'cart': 2, 'trailer': 2, 'luggage': 2, 'luggage car': 1, 'vest': 1, 'storage': 1})
2327739	3346512	seed_ambiguous	ungulate.n.01	giraffe	animal	http://object-naming-amore.upf.edu//2327739_3346512_seed_ambiguous.png	Counter({'giraffe': 9})
2415241	143374	singleton_obj	ungulate.n.01	giraffe	animal	http://object-naming-amore.upf.edu//2415241_143374_singleton_obj.png	Counter({'giraffe': 8, 'giraffee': 1})
2411188	315523	singleton_obj	lamp.n.01	streetlight	instrumentality, instrumentation	http://object-naming-amore.upf.edu//2411188_315523_singleton_obj.png	Counter({'lightpole': 1, 'lamp': 1, 'light pole': 1, 'building': 1, 'window': 1, 'lampost': 1, 'lamp post': 1, 'street light': 1, 'streetlight': 1})
2344316	3632217	singleton_obj	furnishing.n.02	table	instrumentality, instrumentation	http://object-naming-amore.upf.edu//2344316_3632217_singleton_obj.png	Counter({'table': 8, 'handle': 1})
2345802	904648	supercat_ambiguous	headdress.n.01	hat	article of clothing	http://object-naming-amore.upf.edu//2345802_904648_supercat_ambiguous.png	Counter({'hat': 8, 'top hat': 1})
2362031	3752241	singleton_obj	bird.n.01	bird	animal	http://object-naming-amore.upf.edu//2362031_3752241_singleton_obj.png	Counter({'bird': 5, 'crow': 2, 'raven': 1, 'blackbird': 1})
2377787	1734087	supercat_ambiguous	kitchen_utensil.n.01	blender	instrumentality, instrumentation	http://object-naming-amore.upf.edu//2377787_1734087_supercat_ambiguous.png	Counter({'blender': 9})
2359967	790291	singleton_obj	horse.n.01	horse	animal	http://object-naming-amore.upf.edu//2359967_790291_singleton_obj.png	Counter({'horse': 9})
2407269	282624	singleton_obj	car.n.01	sedan	vehicle	http://object-naming-amore.upf.edu//2407269_282624_singleton_obj.png	Counter({'car': 8, 'man': 1})
2335448	962900	seed_ambiguous	motorcycle.n.01	motorcycle	vehicle	http://object-naming-amore.upf.edu//2335448_962900_seed_ambiguous.png	Counter({'motorcycle': 8, 'motorbike': 1})
2316920	3377854	seed_ambiguous	woman.n.01	woman	person	http://object-naming-amore.upf.edu//2316920_3377854_seed_ambiguous.png	Counter({'woman': 7, 'lady': 1, 'necklace': 1})
2103	3639802	singleton_obj	furnishing.n.02	counter	instrumentality, instrumentation	http://object-naming-amore.upf.edu//2103_3639802_singleton_obj.png	Counter({'counter': 5, 'appliances': 1, 'cabinets': 1, 'sink': 1, 'kitchen': 1})
2396750	440815	supercat_unique	overgarment.n.01	jacket	article of clothing	http://object-naming-amore.upf.edu//2396750_440815_supercat_unique.png	Counter({'jacket': 6, 'woman': 1, 'sweater': 1, 'blouse': 1})
2338310	2310665	singleton_obj	dish.n.02	pizza	food, nutrient	http://object-naming-amore.upf.edu//2338310_2310665_singleton_obj.png	Counter({'pizza': 9})
2368334	746822	singleton_obj	furnishing.n.02	desk	instrumentality, instrumentation	http://object-naming-amore.upf.edu//2368334_746822_singleton_obj.png	Counter({'desk': 5, 'table': 4})
